img_name,type_1,type_2
Abomasnow_0.jpg,Grass,Ice
Abomasnow_1.jpg,Grass,Ice
Abomasnow_2.jpg,Grass,Ice
Abomasnow_3.jpg,Grass,Ice
Abra_0.jpg,Psychic,
Abra_1.jpg,Psychic,
Abra_2.jpg,Psychic,
Abra_3.jpg,Psychic,
Absol_0.jpg,Dark,
Absol_1.jpg,Dark,
Absol_2.jpg,Dark,
Absol_3.jpg,Dark,
Accelgor_0.jpg,Bug,
Accelgor_1.jpg,Bug,
Aegislash_0.jpg,Steel,Ghost
Aegislash_1.jpg,Steel,Ghost
Aegislash_2.jpg,Steel,Ghost
Aegislash_3.jpg,Steel,Ghost
Aerodactyl_0.jpg,Rock,Flying
Aerodactyl_1.jpg,Rock,Flying
Aerodactyl_2.jpg,Rock,Flying
Aerodactyl_3.jpg,Rock,Flying
Aerodactyl_4.jpg,Rock,Flying
Aerodactyl_5.jpg,Rock,Flying
Aggron_0.jpg,Steel,Rock
Aggron_1.jpg,Steel,Rock
Aggron_2.jpg,Steel,Rock
Aggron_3.jpg,Steel,Rock
Aipom_0.jpg,Normal,
Aipom_1.jpg,Normal,
Aipom_2.jpg,Normal,
Alakazam_0.jpg,Psychic,
Alakazam_1.jpg,Psychic,
Alakazam_2.jpg,Psychic,
Alakazam_3.jpg,Psychic,
Alakazam_4.jpg,Psychic,
Alakazam_5.jpg,Psychic,
Alcremie_0.jpg,Fairy,
Alcremie_1.jpg,Fairy,
Alomomola_0.jpg,Water,
Alomomola_1.jpg,Water,
Altaria_0.jpg,Dragon,Flying
Altaria_1.jpg,Dragon,Flying
Altaria_2.jpg,Dragon,Flying
Altaria_3.jpg,Dragon,Flying
Amaura_0.jpg,Rock,Ice
Amaura_1.jpg,Rock,Ice
Ambipom_0.jpg,Normal,
Ambipom_1.jpg,Normal,
Amoonguss_0.jpg,Grass,Poison
Amoonguss_1.jpg,Grass,Poison
Ampharos_0.jpg,Electric,
Ampharos_1.jpg,Electric,
Ampharos_2.jpg,Electric,
Ampharos_3.jpg,Electric,
Ampharos_4.jpg,Electric,
Anorith_0.jpg,Rock,Bug
Anorith_1.jpg,Rock,Bug
Appletun_0.jpg,Grass,Dragon
Appletun_1.jpg,Grass,Dragon
Applin_0.jpg,Grass,Dragon
Araquanid_0.jpg,Water,Bug
Araquanid_1.jpg,Water,Bug
Arbok_0.jpg,Poison,
Arbok_1.jpg,Poison,
Arbok_2.jpg,Poison,
Arbok_3.jpg,Poison,
Arcanine_0.jpg,Fire,
Arcanine_1.jpg,Fire,
Arcanine_2.jpg,Fire,
Arcanine_3.jpg,Fire,
Arceus_0.jpg,Normal,
Arceus_1.jpg,Normal,
Arceus_2.jpg,Normal,
Arceus_3.jpg,Normal,
Arceus_4.jpg,Normal,
Archen_0.jpg,Rock,Flying
Archen_1.jpg,Rock,Flying
Archeops_0.jpg,Rock,Flying
Archeops_1.jpg,Rock,Flying
Arctovish_0.jpg,Water,Ice
Arctozolt_0.jpg,Electric,Ice
Ariados_0.jpg,Bug,Poison
Ariados_1.jpg,Bug,Poison
Ariados_2.jpg,Bug,Poison
Armaldo_0.jpg,Rock,Bug
Armaldo_1.jpg,Rock,Bug
Aromatisse_0.jpg,Fairy,
Aromatisse_1.jpg,Fairy,
Aron_0.jpg,Steel,Rock
Aron_1.jpg,Steel,Rock
Arrokuda_0.jpg,Water,
Articuno_0.jpg,Ice,Flying
Articuno_1.jpg,Ice,Flying
Articuno_2.jpg,Ice,Flying
Articuno_3.jpg,Ice,Flying
Articuno_4.jpg,Ice,Flying
Articuno_5.jpg,Ice,Flying
Audino_0.jpg,Normal,
Audino_1.jpg,Normal,
Audino_2.jpg,Normal,
Audino_3.jpg,Normal,
Aurorus_0.jpg,Rock,Ice
Aurorus_1.jpg,Rock,Ice
Avalugg_0.jpg,Ice,
Avalugg_1.jpg,Ice,
Axew_0.jpg,Dragon,
Axew_1.jpg,Dragon,
Azelf_0.jpg,Psychic,
Azelf_1.jpg,Psychic,
Azumarill_0.jpg,Water,Fairy
Azumarill_1.jpg,Water,Fairy
Azumarill_2.jpg,Water,Fairy
Azurill_0.jpg,Normal,Fairy
Azurill_1.jpg,Normal,Fairy
Bagon_0.jpg,Dragon,
Bagon_1.jpg,Dragon,
Baltoy_0.jpg,Ground,Psychic
Baltoy_1.jpg,Ground,Psychic
Banette_0.jpg,Ghost,
Banette_1.jpg,Ghost,
Banette_2.jpg,Ghost,
Banette_3.jpg,Ghost,
Barbaracle_0.jpg,Rock,Water
Barbaracle_1.jpg,Rock,Water
Barboach_0.jpg,Water,Ground
Barboach_1.jpg,Water,Ground
Barraskewda_0.jpg,Water,
Basculin_0.jpg,Water,
Basculin_1.jpg,Water,
Basculin_2.jpg,Water,
Basculin_3.jpg,Water,
Bastiodon_0.jpg,Rock,Steel
Bastiodon_1.jpg,Rock,Steel
Bayleef_0.jpg,Grass,
Bayleef_1.jpg,Grass,
Bayleef_2.jpg,Grass,
Beartic_0.jpg,Ice,
Beartic_1.jpg,Ice,
Beautifly_0.jpg,Bug,Flying
Beautifly_1.jpg,Bug,Flying
Beedrill_0.jpg,Bug,Poison
Beedrill_1.jpg,Bug,Poison
Beedrill_2.jpg,Bug,Poison
Beedrill_3.jpg,Bug,Poison
Beedrill_4.jpg,Bug,Poison
Beedrill_5.jpg,Bug,Poison
Beheeyem_0.jpg,Psychic,
Beheeyem_1.jpg,Psychic,
Beldum_0.jpg,Steel,Psychic
Beldum_1.jpg,Steel,Psychic
Beldum_2.jpg,Steel,Psychic
Bellossom_0.jpg,Grass,
Bellossom_1.jpg,Grass,
Bellossom_2.jpg,Grass,
Bellsprout_0.jpg,Grass,Poison
Bellsprout_1.jpg,Grass,Poison
Bellsprout_2.jpg,Grass,Poison
Bellsprout_3.jpg,Grass,Poison
Bergmite_0.jpg,Ice,
Bergmite_1.jpg,Ice,
Bewear_0.jpg,Normal,Fighting
Bewear_1.jpg,Normal,Fighting
Bewear_2.jpg,Normal,Fighting
Bibarel_0.jpg,Normal,Water
Bibarel_1.jpg,Normal,Water
Bidoof_0.jpg,Normal,
Bidoof_1.jpg,Normal,
Binacle_0.jpg,Rock,Water
Binacle_1.jpg,Rock,Water
Bisharp_0.jpg,Dark,Steel
Bisharp_1.jpg,Dark,Steel
Blacephalon_0.jpg,Fire,Ghost
Blacephalon_1.jpg,Fire,Ghost
Blastoise_0.jpg,Water,
Blastoise_1.jpg,Water,
Blastoise_2.jpg,Water,
Blastoise_3.jpg,Water,
Blastoise_4.jpg,Water,
Blastoise_5.jpg,Water,
Blaziken_0.jpg,Fire,Fighting
Blaziken_1.jpg,Fire,Fighting
Blaziken_2.jpg,Fire,Fighting
Blaziken_3.jpg,Fire,Fighting
Blipbug_0.jpg,Bug,
Blissey_0.jpg,Normal,
Blissey_1.jpg,Normal,
Blissey_2.jpg,Normal,
Blitzle_0.jpg,Electric,
Blitzle_1.jpg,Electric,
Boldore_0.jpg,Rock,
Boldore_1.jpg,Rock,
Boltund_0.jpg,Electric,
Bonsly_0.jpg,Rock,
Bonsly_1.jpg,Rock,
Bouffalant_0.jpg,Normal,
Bouffalant_1.jpg,Normal,
Bounsweet_0.jpg,Grass,
Bounsweet_1.jpg,Grass,
Braixen_0.jpg,Fire,
Braixen_1.jpg,Fire,
Braviary_0.jpg,Normal,Flying
Braviary_1.jpg,Normal,Flying
Breloom_0.jpg,Grass,Fighting
Breloom_1.jpg,Grass,Fighting
Brionne_0.jpg,Water,
Brionne_1.jpg,Water,
Brionne_2.jpg,Water,
Bronzong_0.jpg,Steel,Psychic
Bronzong_1.jpg,Steel,Psychic
Bronzor_0.jpg,Steel,Psychic
Bronzor_1.jpg,Steel,Psychic
Bruxish_0.jpg,Water,Psychic
Bruxish_1.jpg,Water,Psychic
Budew_0.jpg,Grass,Poison
Budew_1.jpg,Grass,Poison
Buizel_0.jpg,Water,
Buizel_1.jpg,Water,
Bulbasaur_0.jpg,Grass,Poison
Bulbasaur_1.jpg,Grass,Poison
Bulbasaur_2.jpg,Grass,Poison
Buneary_0.jpg,Normal,
Buneary_1.jpg,Normal,
Bunnelby_0.jpg,Normal,
Bunnelby_1.jpg,Normal,
Burmy_0.jpg,Bug,
Burmy_1.jpg,Bug,
Burmy_2.jpg,Bug,
Burmy_3.jpg,Bug,
Burmy_4.jpg,Bug,
Burmy_5.jpg,Bug,
Butterfree_0.jpg,Bug,Flying
Butterfree_1.jpg,Bug,Flying
Butterfree_2.jpg,Bug,Flying
Butterfree_3.jpg,Bug,Flying
Butterfree_4.jpg,Bug,Flying
Butterfree_5.jpg,Bug,Flying
Buzzwole_0.jpg,Bug,Fighting
Buzzwole_1.jpg,Bug,Fighting
Cacnea_0.jpg,Grass,
Cacnea_1.jpg,Grass,
Cacturne_0.jpg,Grass,Dark
Cacturne_1.jpg,Grass,Dark
Calyrex_0.jpg,Psychic,Grass
Calyrex_1.jpg,Psychic,Grass
Calyrex_2.jpg,Psychic,Grass
Camerupt_0.jpg,Fire,Ground
Camerupt_1.jpg,Fire,Ground
Camerupt_2.jpg,Fire,Ground
Camerupt_3.jpg,Fire,Ground
Carbink_0.jpg,Rock,Fairy
Carbink_1.jpg,Rock,Fairy
Carkol_0.jpg,Rock,Fire
Carnivine_0.jpg,Grass,
Carnivine_1.jpg,Grass,
Carracosta_0.jpg,Water,Rock
Carracosta_1.jpg,Water,Rock
Carvanha_0.jpg,Water,Dark
Carvanha_1.jpg,Water,Dark
Cascoon_0.jpg,Bug,
Cascoon_1.jpg,Bug,
Castform_0.jpg,Normal,
Castform_1.jpg,Normal,
Castform_2.jpg,Normal,
Castform_3.jpg,Normal,
Castform_4.jpg,Normal,
Caterpie_0.jpg,Bug,
Caterpie_1.jpg,Bug,
Caterpie_2.jpg,Bug,
Caterpie_3.jpg,Bug,
Celebi_0.jpg,Psychic,Grass
Celebi_1.jpg,Psychic,Grass
Celebi_2.jpg,Psychic,Grass
Celesteela_0.jpg,Steel,Flying
Celesteela_1.jpg,Steel,Flying
Centiskorch_0.jpg,Fire,Bug
Centiskorch_1.jpg,Fire,Bug
Chandelure_0.jpg,Ghost,Fire
Chandelure_1.jpg,Ghost,Fire
Chansey_0.jpg,Normal,
Chansey_1.jpg,Normal,
Chansey_2.jpg,Normal,
Chansey_3.jpg,Normal,
Charizard_0.jpg,Fire,Flying
Charizard_1.jpg,Fire,Flying
Charizard_2.jpg,Fire,Flying
Charizard_3.jpg,Fire,Flying
Charizard_4.jpg,Fire,Flying
Charjabug_0.jpg,Bug,Electric
Charjabug_1.jpg,Bug,Electric
Charmander_0.jpg,Fire,
Charmander_1.jpg,Fire,
Charmander_2.jpg,Fire,
Charmander_3.jpg,Fire,
Charmeleon_0.jpg,Fire,
Charmeleon_1.jpg,Fire,
Charmeleon_2.jpg,Fire,
Chatot_0.jpg,Normal,Flying
Chatot_1.jpg,Normal,Flying
Cherrim_0.jpg,Grass,
Cherrim_1.jpg,Grass,
Cherrim_2.jpg,Grass,
Cherrim_3.jpg,Grass,
Cherubi_0.jpg,Grass,
Cherubi_1.jpg,Grass,
Chesnaught_0.jpg,Grass,Fighting
Chesnaught_1.jpg,Grass,Fighting
Chespin_0.jpg,Grass,
Chespin_1.jpg,Grass,
Chewtle_0.jpg,Water,
Chikorita_0.jpg,Grass,
Chikorita_1.jpg,Grass,
Chikorita_2.jpg,Grass,
Chimchar_0.jpg,Fire,
Chimchar_1.jpg,Fire,
Chimchar_2.jpg,Fire,
Chimecho_0.jpg,Psychic,
Chimecho_1.jpg,Psychic,
Chinchou_0.jpg,Water,Electric
Chinchou_1.jpg,Water,Electric
Chinchou_2.jpg,Water,Electric
Chingling_0.jpg,Psychic,
Chingling_1.jpg,Psychic,
Cinccino_0.jpg,Normal,
Cinccino_1.jpg,Normal,
Cinderace_0.jpg,Fire,
Cinderace_1.jpg,Fire,
Cinderace_2.jpg,Fire,
Clamperl_0.jpg,Water,
Clamperl_1.jpg,Water,
Clauncher_0.jpg,Water,
Clauncher_1.jpg,Water,
Clawitzer_0.jpg,Water,
Clawitzer_1.jpg,Water,
Claydol_0.jpg,Ground,Psychic
Claydol_1.jpg,Ground,Psychic
Clefable_0.jpg,Fairy,
Clefable_1.jpg,Fairy,
Clefable_2.jpg,Fairy,
Clefable_3.jpg,Fairy,
Clefairy_0.jpg,Fairy,
Clefairy_1.jpg,Fairy,
Clefairy_2.jpg,Fairy,
Clefairy_3.jpg,Fairy,
Cleffa_0.jpg,Fairy,
Cleffa_1.jpg,Fairy,
Cleffa_2.jpg,Fairy,
Clobbopus_0.jpg,Fighting,
Cloyster_0.jpg,Water,Ice
Cloyster_1.jpg,Water,Ice
Cloyster_2.jpg,Water,Ice
Cloyster_3.jpg,Water,Ice
Coalossal_0.jpg,Rock,Fire
Coalossal_1.jpg,Rock,Fire
Cobalion_0.jpg,Steel,Fighting
Cobalion_1.jpg,Steel,Fighting
Cofagrigus_0.jpg,Ghost,
Cofagrigus_1.jpg,Ghost,
Combee_0.jpg,Bug,Flying
Combee_1.jpg,Bug,Flying
Combusken_0.jpg,Fire,Fighting
Combusken_1.jpg,Fire,Fighting
Comfey_0.jpg,Fairy,
Comfey_1.jpg,Fairy,
Conkeldurr_0.jpg,Fighting,
Conkeldurr_1.jpg,Fighting,
Copperajah_0.jpg,Steel,
Copperajah_1.jpg,Steel,
Corphish_0.jpg,Water,
Corphish_1.jpg,Water,
Corsola_0.jpg,Water,Rock
Corsola_1.jpg,Water,Rock
Corsola_2.jpg,Water,Rock
Corsola_3.jpg,Water,Rock
Corviknight_0.jpg,Flying,Steel
Corviknight_1.jpg,Flying,Steel
Corvisquire_0.jpg,Flying,
Cosmoem_0.jpg,Psychic,
Cosmoem_1.jpg,Psychic,
Cosmog_0.jpg,Psychic,
Cosmog_1.jpg,Psychic,
Cottonee_0.jpg,Grass,Fairy
Cottonee_1.jpg,Grass,Fairy
Crabominable_0.jpg,Fighting,Ice
Crabominable_1.jpg,Fighting,Ice
Crabrawler_0.jpg,Fighting,
Crabrawler_1.jpg,Fighting,
Cradily_0.jpg,Rock,Grass
Cradily_1.jpg,Rock,Grass
Cramorant_0.jpg,Flying,Water
Cramorant_1.jpg,Flying,Water
Cranidos_0.jpg,Rock,
Cranidos_1.jpg,Rock,
Crawdaunt_0.jpg,Water,Dark
Crawdaunt_1.jpg,Water,Dark
Cresselia_0.jpg,Psychic,
Cresselia_1.jpg,Psychic,
Croagunk_0.jpg,Poison,Fighting
Croagunk_1.jpg,Poison,Fighting
Crobat_0.jpg,Poison,Flying
Crobat_1.jpg,Poison,Flying
Crobat_2.jpg,Poison,Flying
Croconaw_0.jpg,Water,
Croconaw_1.jpg,Water,
Croconaw_2.jpg,Water,
Crustle_0.jpg,Bug,Rock
Crustle_1.jpg,Bug,Rock
Cryogonal_0.jpg,Ice,
Cryogonal_1.jpg,Ice,
Cubchoo_0.jpg,Ice,
Cubchoo_1.jpg,Ice,
Cubone_0.jpg,Ground,
Cubone_1.jpg,Ground,
Cubone_2.jpg,Ground,
Cubone_3.jpg,Ground,
Cufant_0.jpg,Steel,
Cursola_0.jpg,Ghost,
Cutiefly_0.jpg,Bug,Fairy
Cutiefly_1.jpg,Bug,Fairy
Cyndaquil_0.jpg,Fire,
Cyndaquil_1.jpg,Fire,
Cyndaquil_2.jpg,Fire,
Darkrai_0.jpg,Dark,
Darkrai_1.jpg,Dark,
Darmanitan_0.jpg,Fire,
Darmanitan_1.jpg,Fire,
Darmanitan_2.jpg,Fire,
Darmanitan_3.jpg,Fire,
Darmanitan_4.jpg,Fire,
Darmanitan_5.jpg,Fire,
Dartrix_0.jpg,Grass,Flying
Dartrix_1.jpg,Grass,Flying
Dartrix_2.jpg,Grass,Flying
Darumaka_0.jpg,Fire,
Darumaka_1.jpg,Fire,
Darumaka_2.jpg,Fire,
Decidueye_0.jpg,Grass,Ghost
Decidueye_1.jpg,Grass,Ghost
Decidueye_2.jpg,Grass,Ghost
Dedenne_0.jpg,Electric,Fairy
Dedenne_1.jpg,Electric,Fairy
Deerling_0.jpg,Normal,Grass
Deerling_1.jpg,Normal,Grass
Deerling_2.jpg,Normal,Grass
Deerling_3.jpg,Normal,Grass
Deerling_4.jpg,Normal,Grass
Deerling_5.jpg,Normal,Grass
Deino_0.jpg,Dark,Dragon
Deino_1.jpg,Dark,Dragon
Delcatty_0.jpg,Normal,
Delcatty_1.jpg,Normal,
Delibird_0.jpg,Ice,Flying
Delibird_1.jpg,Ice,Flying
Delibird_2.jpg,Ice,Flying
Delphox_0.jpg,Fire,Psychic
Delphox_1.jpg,Fire,Psychic
Deoxys_0.jpg,Psychic,
Deoxys_1.jpg,Psychic,
Deoxys_2.jpg,Psychic,
Deoxys_3.jpg,Psychic,
Deoxys_4.jpg,Psychic,
Deoxys_5.jpg,Psychic,
Dewgong_0.jpg,Water,Ice
Dewgong_1.jpg,Water,Ice
Dewgong_2.jpg,Water,Ice
Dewgong_3.jpg,Water,Ice
Dewott_0.jpg,Water,
Dewott_1.jpg,Water,
Dewpider_0.jpg,Water,Bug
Dewpider_1.jpg,Water,Bug
Dhelmise_0.jpg,Ghost,Grass
Dhelmise_1.jpg,Ghost,Grass
Dialga_0.jpg,Steel,Dragon
Dialga_1.jpg,Steel,Dragon
Dialga_2.jpg,Steel,Dragon
Dialga_3.jpg,Steel,Dragon
Diancie_0.jpg,Rock,Fairy
Diancie_1.jpg,Rock,Fairy
Diancie_2.jpg,Rock,Fairy
Diancie_3.jpg,Rock,Fairy
Diancie_4.jpg,Rock,Fairy
Diggersby_0.jpg,Normal,Ground
Diggersby_1.jpg,Normal,Ground
Diglett_0.jpg,Ground,
Diglett_1.jpg,Ground,
Diglett_2.jpg,Ground,
Diglett_3.jpg,Ground,
Diglett_4.jpg,Ground,
Diglett_5.jpg,Ground,
Ditto_0.jpg,Normal,
Ditto_1.jpg,Normal,
Ditto_2.jpg,Normal,
Ditto_3.jpg,Normal,
Dodrio_0.jpg,Normal,Flying
Dodrio_1.jpg,Normal,Flying
Dodrio_2.jpg,Normal,Flying
Dodrio_3.jpg,Normal,Flying
Doduo_0.jpg,Normal,Flying
Doduo_1.jpg,Normal,Flying
Doduo_2.jpg,Normal,Flying
Doduo_3.jpg,Normal,Flying
Donphan_0.jpg,Ground,
Donphan_1.jpg,Ground,
Donphan_2.jpg,Ground,
Dottler_0.jpg,Bug,Psychic
Doublade_0.jpg,Steel,Ghost
Doublade_1.jpg,Steel,Ghost
Dracovish_0.jpg,Water,Dragon
Dracozolt_0.jpg,Electric,Dragon
Dragalge_0.jpg,Poison,Dragon
Dragalge_1.jpg,Poison,Dragon
Dragapult_0.jpg,Dragon,Ghost
Dragonair_0.jpg,Dragon,
Dragonair_1.jpg,Dragon,
Dragonair_2.jpg,Dragon,
Dragonair_3.jpg,Dragon,
Dragonite_0.jpg,Dragon,Flying
Dragonite_1.jpg,Dragon,Flying
Dragonite_2.jpg,Dragon,Flying
Dragonite_3.jpg,Dragon,Flying
Drakloak_0.jpg,Dragon,Ghost
Drampa_0.jpg,Normal,Dragon
Drampa_1.jpg,Normal,Dragon
Drapion_0.jpg,Poison,Dark
Drapion_1.jpg,Poison,Dark
Dratini_0.jpg,Dragon,
Dratini_1.jpg,Dragon,
Dratini_2.jpg,Dragon,
Dratini_3.jpg,Dragon,
Drednaw_0.jpg,Water,Rock
Drednaw_1.jpg,Water,Rock
Dreepy_0.jpg,Dragon,Ghost
Drifblim_0.jpg,Ghost,Flying
Drifblim_1.jpg,Ghost,Flying
Drifloon_0.jpg,Ghost,Flying
Drifloon_1.jpg,Ghost,Flying
Drilbur_0.jpg,Ground,
Drilbur_1.jpg,Ground,
Drizzile_0.jpg,Water,
Drowzee_0.jpg,Psychic,
Drowzee_1.jpg,Psychic,
Drowzee_2.jpg,Psychic,
Drowzee_3.jpg,Psychic,
Druddigon_0.jpg,Dragon,
Druddigon_1.jpg,Dragon,
Dubwool_0.jpg,Normal,
Ducklett_0.jpg,Water,Flying
Ducklett_1.jpg,Water,Flying
Dugtrio_0.jpg,Ground,
Dugtrio_1.jpg,Ground,
Dugtrio_2.jpg,Ground,
Dugtrio_3.jpg,Ground,
Dugtrio_4.jpg,Ground,
Dugtrio_5.jpg,Ground,
Dunsparce_0.jpg,Normal,
Dunsparce_1.jpg,Normal,
Dunsparce_2.jpg,Normal,
Duosion_0.jpg,Psychic,
Duosion_1.jpg,Psychic,
Duraludon_0.jpg,Steel,Dragon
Duraludon_1.jpg,Steel,Dragon
Durant_0.jpg,Bug,Steel
Durant_1.jpg,Bug,Steel
Dusclops_0.jpg,Ghost,
Dusclops_1.jpg,Ghost,
Dusknoir_0.jpg,Ghost,
Dusknoir_1.jpg,Ghost,
Duskull_0.jpg,Ghost,
Duskull_1.jpg,Ghost,
Dustox_0.jpg,Bug,Poison
Dustox_1.jpg,Bug,Poison
Dwebble_0.jpg,Bug,Rock
Dwebble_1.jpg,Bug,Rock
Eelektrik_0.jpg,Electric,
Eelektrik_1.jpg,Electric,
Eelektross_0.jpg,Electric,
Eelektross_1.jpg,Electric,
Eevee_0.jpg,Normal,
Eevee_1.jpg,Normal,
Eevee_2.jpg,Normal,
Eevee_3.jpg,Normal,
Eevee_4.jpg,Normal,
Eiscue_0.jpg,Ice,
Eiscue_1.jpg,Ice,
Ekans_0.jpg,Poison,
Ekans_1.jpg,Poison,
Ekans_2.jpg,Poison,
Ekans_3.jpg,Poison,
Eldegoss_0.jpg,Grass,
Electabuzz_0.jpg,Electric,
Electabuzz_1.jpg,Electric,
Electabuzz_2.jpg,Electric,
Electabuzz_3.jpg,Electric,
Electivire_0.jpg,Electric,
Electivire_1.jpg,Electric,
Electrike_0.jpg,Electric,
Electrike_1.jpg,Electric,
Electrode_0.jpg,Electric,
Electrode_1.jpg,Electric,
Electrode_2.jpg,Electric,
Electrode_3.jpg,Electric,
Elekid_0.jpg,Electric,
Elekid_1.jpg,Electric,
Elekid_2.jpg,Electric,
Elgyem_0.jpg,Psychic,
Elgyem_1.jpg,Psychic,
Emboar_0.jpg,Fire,Fighting
Emboar_1.jpg,Fire,Fighting
Emolga_0.jpg,Electric,Flying
Emolga_1.jpg,Electric,Flying
Empoleon_0.jpg,Water,Steel
Empoleon_1.jpg,Water,Steel
Entei_0.jpg,Fire,
Entei_1.jpg,Fire,
Entei_2.jpg,Fire,
Entei_3.jpg,Fire,
Escavalier_0.jpg,Bug,Steel
Escavalier_1.jpg,Bug,Steel
Espeon_0.jpg,Psychic,Normal
Espeon_1.jpg,Psychic,Normal
Espeon_2.jpg,Psychic,Normal
Espurr_0.jpg,Psychic,
Espurr_1.jpg,Psychic,
Eternatus_0.jpg,Poison,Dragon
Eternatus_1.jpg,Poison,Dragon
Excadrill_0.jpg,Ground,Steel
Excadrill_1.jpg,Ground,Steel
Exeggcute_0.jpg,Grass,Psychic
Exeggcute_1.jpg,Grass,Psychic
Exeggcute_2.jpg,Grass,Psychic
Exeggcute_3.jpg,Grass,Psychic
Exeggutor_0.jpg,Grass,Psychic
Exeggutor_1.jpg,Grass,Psychic
Exeggutor_2.jpg,Grass,Psychic
Exploud_0.jpg,Normal,
Exploud_1.jpg,Normal,
Falinks_0.jpg,Fighting,
Farfetch'd_0.jpg,Normal,Flying
Farfetch'd_1.jpg,Normal,Flying
Farfetch'd_2.jpg,Normal,Flying
Farfetch'd_3.jpg,Normal,Flying
Farfetch'd_4.jpg,Normal,Flying
Fearow_0.jpg,Normal,Flying
Fearow_1.jpg,Normal,Flying
Fearow_2.jpg,Normal,Flying
Fearow_3.jpg,Normal,Flying
Feebas_0.jpg,Water,
Feebas_1.jpg,Water,
Fennekin_0.jpg,Fire,
Fennekin_1.jpg,Fire,
Feraligatr_0.jpg,Water,
Feraligatr_1.jpg,Water,
Feraligatr_2.jpg,Water,
Ferroseed_0.jpg,Grass,Steel
Ferroseed_1.jpg,Grass,Steel
Ferrothorn_0.jpg,Grass,Steel
Ferrothorn_1.jpg,Grass,Steel
Finneon_0.jpg,Water,
Finneon_1.jpg,Water,
Flaaffy_0.jpg,Electric,
Flaaffy_1.jpg,Electric,
Flaaffy_2.jpg,Electric,
Flab├⌐b├⌐_0.jpg,Grass,
Flab├⌐b├⌐_1.jpg,Grass,
Flab├⌐b├⌐_2.jpg,Grass,
Flab├⌐b├⌐_3.jpg,Grass,
Flab├⌐b├⌐_4.jpg,Grass,
Flab├⌐b├⌐_5.jpg,Grass,
Flapple_0.jpg,Grass,Dragon
Flapple_1.jpg,Grass,Dragon
Flareon_0.jpg,Fire,Normal
Flareon_1.jpg,Fire,Normal
Flareon_2.jpg,Fire,Normal
Flareon_3.jpg,Fire,Normal
Fletchinder_0.jpg,Fire,Flying
Fletchinder_1.jpg,Fire,Flying
Fletchling_0.jpg,Normal,Flying
Fletchling_1.jpg,Normal,Flying
Floatzel_0.jpg,Water,
Floatzel_1.jpg,Water,
Floette_0.jpg,Fairy,
Floette_1.jpg,Fairy,
Floette_2.jpg,Fairy,
Floette_3.jpg,Fairy,
Floette_4.jpg,Fairy,
Floette_5.jpg,Fairy,
Florges_0.jpg,Fairy,
Florges_1.jpg,Fairy,
Florges_2.jpg,Fairy,
Florges_3.jpg,Fairy,
Florges_4.jpg,Fairy,
Florges_5.jpg,Fairy,
Flygon_0.jpg,Ground,Dragon
Flygon_1.jpg,Ground,Dragon
Fomantis_0.jpg,Grass,
Fomantis_1.jpg,Grass,
Foongus_0.jpg,Grass,Poison
Foongus_1.jpg,Grass,Poison
Forretress_0.jpg,Bug,Steel
Forretress_1.jpg,Bug,Steel
Forretress_2.jpg,Bug,Steel
Fraxure_0.jpg,Dragon,
Fraxure_1.jpg,Dragon,
Frillish_0.jpg,Water,Ghost
Frillish_1.jpg,Water,Ghost
Frillish_2.jpg,Water,Ghost
Frillish_3.jpg,Water,Ghost
Froakie_0.jpg,Water,
Froakie_1.jpg,Water,
Frogadier_0.jpg,Water,
Frogadier_1.jpg,Water,
Froslass_0.jpg,Ice,Ghost
Froslass_1.jpg,Ice,Ghost
Frosmoth_0.jpg,Ice,Bug
Furfrou_0.jpg,Normal,
Furfrou_1.jpg,Normal,
Furfrou_2.jpg,Normal,
Furfrou_3.jpg,Normal,
Furfrou_4.jpg,Normal,
Furfrou_5.jpg,Normal,
Furret_0.jpg,Normal,
Furret_1.jpg,Normal,
Furret_2.jpg,Normal,
Gabite_0.jpg,Dragon,Ground
Gabite_1.jpg,Dragon,Ground
Gallade_0.jpg,Psychic,Fighting
Gallade_1.jpg,Psychic,Fighting
Gallade_2.jpg,Psychic,Fighting
Gallade_3.jpg,Psychic,Fighting
Galvantula_0.jpg,Bug,Electric
Galvantula_1.jpg,Bug,Electric
Garbodor_0.jpg,Poison,
Garbodor_1.jpg,Poison,
Garbodor_2.jpg,Poison,
Garchomp_0.jpg,Dragon,Ground
Garchomp_1.jpg,Dragon,Ground
Garchomp_2.jpg,Dragon,Ground
Garchomp_3.jpg,Dragon,Ground
Gardevoir_0.jpg,Psychic,Fairy
Gardevoir_1.jpg,Psychic,Fairy
Gardevoir_2.jpg,Psychic,Fairy
Gardevoir_3.jpg,Psychic,Fairy
Gastly_0.jpg,Ghost,Poison
Gastly_1.jpg,Ghost,Poison
Gastly_2.jpg,Ghost,Poison
Gastly_3.jpg,Ghost,Poison
Gastrodon_0.jpg,Water,Ground
Gastrodon_1.jpg,Water,Ground
Gastrodon_2.jpg,Water,Ground
Gastrodon_3.jpg,Water,Ground
Genesect_0.jpg,Bug,Steel
Genesect_1.jpg,Bug,Steel
Genesect_2.jpg,Bug,Steel
Genesect_3.jpg,Bug,Steel
Genesect_4.jpg,Bug,Steel
Genesect_5.jpg,Bug,Steel
Gengar_0.jpg,Ghost,Poison
Gengar_1.jpg,Ghost,Poison
Gengar_2.jpg,Ghost,Poison
Gengar_3.jpg,Ghost,Poison
Gengar_4.jpg,Ghost,Poison
Gengar_5.jpg,Ghost,Poison
Geodude_0.jpg,Rock,Ground
Geodude_1.jpg,Rock,Ground
Geodude_2.jpg,Rock,Ground
Geodude_3.jpg,Rock,Ground
Geodude_4.jpg,Rock,Ground
Geodude_5.jpg,Rock,Ground
Gible_0.jpg,Dragon,Ground
Gible_1.jpg,Dragon,Ground
Gigalith_0.jpg,Rock,
Gigalith_1.jpg,Rock,
Girafarig_0.jpg,Normal,Psychic
Girafarig_1.jpg,Normal,Psychic
Girafarig_2.jpg,Normal,Psychic
Giratina_0.jpg,Ghost,Dragon
Giratina_1.jpg,Ghost,Dragon
Giratina_2.jpg,Ghost,Dragon
Giratina_3.jpg,Ghost,Dragon
Giratina_4.jpg,Ghost,Dragon
Glaceon_0.jpg,Ice,Normal
Glaceon_1.jpg,Ice,Normal
Glalie_0.jpg,Ice,
Glalie_1.jpg,Ice,
Glalie_2.jpg,Ice,
Glalie_3.jpg,Ice,
Glameow_0.jpg,Normal,
Glameow_1.jpg,Normal,
Glastrier_0.jpg,Ice,
Gligar_0.jpg,Ground,Flying
Gligar_1.jpg,Ground,Flying
Gligar_2.jpg,Ground,Flying
Gliscor_0.jpg,Ground,Flying
Gliscor_1.jpg,Ground,Flying
Gloom_0.jpg,Grass,Poison
Gloom_1.jpg,Grass,Poison
Gloom_2.jpg,Grass,Poison
Gloom_3.jpg,Grass,Poison
Gogoat_0.jpg,Grass,
Gogoat_1.jpg,Grass,
Golbat_0.jpg,Poison,Flying
Golbat_1.jpg,Poison,Flying
Golbat_2.jpg,Poison,Flying
Golbat_3.jpg,Poison,Flying
Goldeen_0.jpg,Water,
Goldeen_1.jpg,Water,
Goldeen_2.jpg,Water,
Goldeen_3.jpg,Water,
Golduck_0.jpg,Water,
Golduck_1.jpg,Water,
Golduck_2.jpg,Water,
Golduck_3.jpg,Water,
Golem_0.jpg,Rock,Ground
Golem_1.jpg,Rock,Ground
Golem_2.jpg,Rock,Ground
Golem_3.jpg,Rock,Ground
Golem_4.jpg,Rock,Ground
Golem_5.jpg,Rock,Ground
Golett_0.jpg,Ground,Ghost
Golett_1.jpg,Ground,Ghost
Golisopod_0.jpg,Bug,Water
Golisopod_1.jpg,Bug,Water
Golurk_0.jpg,Ground,Ghost
Golurk_1.jpg,Ground,Ghost
Goodra_0.jpg,Dragon,
Goodra_1.jpg,Dragon,
Goomy_0.jpg,Dragon,
Goomy_1.jpg,Dragon,
Gorebyss_0.jpg,Water,
Gorebyss_1.jpg,Water,
Gossifleur_0.jpg,Grass,
Gothita_0.jpg,Psychic,
Gothita_1.jpg,Psychic,
Gothitelle_0.jpg,Psychic,
Gothitelle_1.jpg,Psychic,
Gothorita_0.jpg,Psychic,
Gothorita_1.jpg,Psychic,
Gourgeist_0.jpg,Ghost,Grass
Gourgeist_1.jpg,Ghost,Grass
Gourgeist_2.jpg,Ghost,Grass
Gourgeist_3.jpg,Ghost,Grass
Gourgeist_4.jpg,Ghost,Grass
Granbull_0.jpg,Fairy,
Granbull_1.jpg,Fairy,
Granbull_2.jpg,Fairy,
Grapploct_0.jpg,Fighting,
Graveler_0.jpg,Rock,Ground
Graveler_1.jpg,Rock,Ground
Graveler_2.jpg,Rock,Ground
Graveler_3.jpg,Rock,Ground
Graveler_4.jpg,Rock,Ground
Graveler_5.jpg,Rock,Ground
Greedent_0.jpg,Normal,
Greninja_0.jpg,Water,Dark
Greninja_1.jpg,Water,Dark
Greninja_2.jpg,Water,Dark
Greninja_3.jpg,Water,Dark
Greninja_4.jpg,Water,Dark
Grimer_0.jpg,Poison,
Grimer_1.jpg,Poison,
Grimer_2.jpg,Poison,
Grimer_3.jpg,Poison,
Grimer_4.jpg,Poison,
Grimer_5.jpg,Poison,
Grimmsnarl_0.jpg,Dark,Fairy
Grimmsnarl_1.jpg,Dark,Fairy
Grookey_0.jpg,Grass,
Grookey_1.jpg,Grass,
Grotle_0.jpg,Grass,
Grotle_1.jpg,Grass,
Groudon_0.jpg,Ground,
Groudon_1.jpg,Ground,
Groudon_2.jpg,Ground,
Groudon_3.jpg,Ground,
Groudon_4.jpg,Ground,
Grovyle_0.jpg,Grass,
Grovyle_1.jpg,Grass,
Growlithe_0.jpg,Fire,
Growlithe_1.jpg,Fire,
Growlithe_2.jpg,Fire,
Growlithe_3.jpg,Fire,
Grubbin_0.jpg,Bug,
Grubbin_1.jpg,Bug,
Grumpig_0.jpg,Psychic,
Grumpig_1.jpg,Psychic,
Gulpin_0.jpg,Poison,
Gulpin_1.jpg,Poison,
Gumshoos_0.jpg,Normal,
Gumshoos_1.jpg,Normal,
Gurdurr_0.jpg,Fighting,
Gurdurr_1.jpg,Fighting,
Guzzlord_0.jpg,Dark,Dragon
Guzzlord_1.jpg,Dark,Dragon
Gyarados_0.jpg,Water,Flying
Gyarados_1.jpg,Water,Flying
Gyarados_2.jpg,Water,Flying
Gyarados_3.jpg,Water,Flying
Gyarados_4.jpg,Water,Flying
Gyarados_5.jpg,Water,Flying
Hakamo-o_0.jpg,Dragon,Fighting
Hakamo-o_1.jpg,Dragon,Fighting
Happiny_0.jpg,Normal,
Happiny_1.jpg,Normal,
Hariyama_0.jpg,Fighting,
Hariyama_1.jpg,Fighting,
Hatenna_0.jpg,Psychic,
Hatterene_0.jpg,Psychic,Fairy
Hatterene_1.jpg,Psychic,Fairy
Hattrem_0.jpg,Psychic,
Haunter_0.jpg,Ghost,Poison
Haunter_1.jpg,Ghost,Poison
Haunter_2.jpg,Ghost,Poison
Haunter_3.jpg,Ghost,Poison
Hawlucha_0.jpg,Fighting,Flying
Hawlucha_1.jpg,Fighting,Flying
Haxorus_0.jpg,Dragon,
Haxorus_1.jpg,Dragon,
Heatmor_0.jpg,Fire,
Heatmor_1.jpg,Fire,
Heatran_0.jpg,Fire,Steel
Heatran_1.jpg,Fire,Steel
Heatran_2.jpg,Fire,Steel
Heliolisk_0.jpg,Electric,Normal
Heliolisk_1.jpg,Electric,Normal
Helioptile_0.jpg,Electric,Normal
Helioptile_1.jpg,Electric,Normal
Heracross_0.jpg,Bug,Fighting
Heracross_1.jpg,Bug,Fighting
Heracross_2.jpg,Bug,Fighting
Heracross_3.jpg,Bug,Fighting
Heracross_4.jpg,Bug,Fighting
Herdier_0.jpg,Normal,
Herdier_1.jpg,Normal,
Hippopotas_0.jpg,Ground,
Hippopotas_1.jpg,Ground,
Hippowdon_0.jpg,Ground,
Hippowdon_1.jpg,Ground,
Hitmonchan_0.jpg,Fighting,
Hitmonchan_1.jpg,Fighting,
Hitmonchan_2.jpg,Fighting,
Hitmonchan_3.jpg,Fighting,
Hitmonlee_0.jpg,Fighting,
Hitmonlee_1.jpg,Fighting,
Hitmonlee_2.jpg,Fighting,
Hitmonlee_3.jpg,Fighting,
Hitmontop_0.jpg,Fighting,
Hitmontop_1.jpg,Fighting,
Hitmontop_2.jpg,Fighting,
Ho-oh_0.jpg,Fire,Flying
Ho-oh_1.jpg,Fire,Flying
Ho-oh_2.jpg,Fire,Flying
Ho-oh_3.jpg,Fire,Flying
Ho-oh_4.jpg,Fire,Flying
Honchkrow_0.jpg,Dark,Flying
Honchkrow_1.jpg,Dark,Flying
Honedge_0.jpg,Steel,Ghost
Honedge_1.jpg,Steel,Ghost
Hoopa_0.jpg,Psychic,Ghost
Hoopa_1.jpg,Psychic,Ghost
Hoopa_2.jpg,Psychic,Ghost
Hoopa_3.jpg,Psychic,Ghost
Hoothoot_0.jpg,Normal,Flying
Hoothoot_1.jpg,Normal,Flying
Hoothoot_2.jpg,Normal,Flying
Hoppip_0.jpg,Grass,Flying
Hoppip_1.jpg,Grass,Flying
Hoppip_2.jpg,Grass,Flying
Horsea_0.jpg,Water,
Horsea_1.jpg,Water,
Horsea_2.jpg,Water,
Horsea_3.jpg,Water,
Houndoom_0.jpg,Dark,Fire
Houndoom_1.jpg,Dark,Fire
Houndoom_2.jpg,Dark,Fire
Houndoom_3.jpg,Dark,Fire
Houndoom_4.jpg,Dark,Fire
Houndour_0.jpg,Dark,Fire
Houndour_1.jpg,Dark,Fire
Houndour_2.jpg,Dark,Fire
Huntail_0.jpg,Water,
Huntail_1.jpg,Water,
Hydreigon_0.jpg,Dark,Dragon
Hydreigon_1.jpg,Dark,Dragon
Hypno_0.jpg,Psychic,
Hypno_1.jpg,Psychic,
Hypno_2.jpg,Psychic,
Hypno_3.jpg,Psychic,
Igglybuff_0.jpg,Normal,Fairy
Igglybuff_1.jpg,Normal,Fairy
Igglybuff_2.jpg,Normal,Fairy
Illumise_0.jpg,Bug,
Illumise_1.jpg,Bug,
Impidimp_0.jpg,Dark,Fairy
Incineroar_0.jpg,Fire,Dark
Incineroar_1.jpg,Fire,Dark
Incineroar_2.jpg,Fire,Dark
Indeedee_0.jpg,Psychic,Normal
Indeedee_1.jpg,Psychic,Normal
Infernape_0.jpg,Fire,Fighting
Infernape_1.jpg,Fire,Fighting
Inkay_0.jpg,Dark,Psychic
Inkay_1.jpg,Dark,Psychic
Inteleon_0.jpg,Water,
Inteleon_1.jpg,Water,
Inteleon_2.jpg,Water,
Ivysaur_0.jpg,Grass,Poison
Ivysaur_1.jpg,Grass,Poison
Ivysaur_2.jpg,Grass,Poison
Ivysaur_3.jpg,Grass,Poison
Jangmo-o_0.jpg,Dragon,
Jangmo-o_1.jpg,Dragon,
Jellicent_0.jpg,Water,Ghost
Jellicent_1.jpg,Water,Ghost
Jellicent_2.jpg,Water,Ghost
Jellicent_3.jpg,Water,Ghost
Jigglypuff_0.jpg,Normal,Fairy
Jigglypuff_1.jpg,Normal,Fairy
Jigglypuff_2.jpg,Normal,Fairy
Jigglypuff_3.jpg,Normal,Fairy
Jirachi_0.jpg,Steel,Psychic
Jirachi_1.jpg,Steel,Psychic
Jolteon_0.jpg,Electric,Normal
Jolteon_1.jpg,Electric,Normal
Jolteon_2.jpg,Electric,Normal
Jolteon_3.jpg,Electric,Normal
Joltik_0.jpg,Bug,Electric
Joltik_1.jpg,Bug,Electric
Jumpluff_0.jpg,Grass,Flying
Jumpluff_1.jpg,Grass,Flying
Jumpluff_2.jpg,Grass,Flying
Jynx_0.jpg,Ice,Psychic
Jynx_1.jpg,Ice,Psychic
Jynx_2.jpg,Ice,Psychic
Jynx_3.jpg,Ice,Psychic
Kabuto_0.jpg,Rock,Water
Kabuto_1.jpg,Rock,Water
Kabuto_2.jpg,Rock,Water
Kabuto_3.jpg,Rock,Water
Kabutops_0.jpg,Rock,Water
Kabutops_1.jpg,Rock,Water
Kabutops_2.jpg,Rock,Water
Kabutops_3.jpg,Rock,Water
Kadabra_0.jpg,Psychic,
Kadabra_1.jpg,Psychic,
Kadabra_2.jpg,Psychic,
Kadabra_3.jpg,Psychic,
Kakuna_0.jpg,Bug,Poison
Kakuna_1.jpg,Bug,Poison
Kakuna_2.jpg,Bug,Poison
Kakuna_3.jpg,Bug,Poison
Kangaskhan_0.jpg,Normal,
Kangaskhan_1.jpg,Normal,
Kangaskhan_2.jpg,Normal,
Kangaskhan_3.jpg,Normal,
Kangaskhan_4.jpg,Normal,
Kangaskhan_5.jpg,Normal,
Karrablast_0.jpg,Bug,
Karrablast_1.jpg,Bug,
Kartana_0.jpg,Grass,Steel
Kartana_1.jpg,Grass,Steel
Kecleon_0.jpg,Normal,
Kecleon_1.jpg,Normal,
Keldeo_0.jpg,Water,Fighting
Keldeo_1.jpg,Water,Fighting
Keldeo_2.jpg,Water,Fighting
Keldeo_3.jpg,Water,Fighting
Kingdra_0.jpg,Water,Dragon
Kingdra_1.jpg,Water,Dragon
Kingdra_2.jpg,Water,Dragon
Kingler_0.jpg,Water,
Kingler_1.jpg,Water,
Kingler_2.jpg,Water,
Kingler_3.jpg,Water,
Kingler_4.jpg,Water,
Kirlia_0.jpg,Psychic,Fairy
Kirlia_1.jpg,Psychic,Fairy
Klang_0.jpg,Steel,
Klang_1.jpg,Steel,
Klefki_0.jpg,Steel,Fairy
Klefki_1.jpg,Steel,Fairy
Klink_0.jpg,Steel,
Klink_1.jpg,Steel,
Klinklang_0.jpg,Steel,
Klinklang_1.jpg,Steel,
Koffing_0.jpg,Poison,
Koffing_1.jpg,Poison,
Koffing_2.jpg,Poison,
Koffing_3.jpg,Poison,
Komala_0.jpg,Normal,
Komala_1.jpg,Normal,
Komala_2.jpg,Normal,
Kommo-o_0.jpg,Dragon,Fighting
Kommo-o_1.jpg,Dragon,Fighting
Krabby_0.jpg,Water,
Krabby_1.jpg,Water,
Krabby_2.jpg,Water,
Krabby_3.jpg,Water,
Kricketot_0.jpg,Bug,
Kricketot_1.jpg,Bug,
Kricketune_0.jpg,Bug,
Kricketune_1.jpg,Bug,
Krokorok_0.jpg,Ground,Dark
Krokorok_1.jpg,Ground,Dark
Krookodile_0.jpg,Ground,Dark
Krookodile_1.jpg,Ground,Dark
Kubfu_0.jpg,Fighting,
Kubfu_1.jpg,Fighting,
Kyogre_0.jpg,Water,
Kyogre_1.jpg,Water,
Kyogre_2.jpg,Water,
Kyogre_3.jpg,Water,
Kyogre_4.jpg,Water,
Kyurem_0.jpg,Dragon,Ice
Kyurem_1.jpg,Dragon,Ice
Kyurem_2.jpg,Dragon,Ice
Kyurem_3.jpg,Dragon,Ice
Kyurem_4.jpg,Dragon,Ice
Lairon_0.jpg,Steel,Rock
Lairon_1.jpg,Steel,Rock
Lampent_0.jpg,Ghost,Fire
Lampent_1.jpg,Ghost,Fire
Landorus_0.jpg,Ground,Flying
Landorus_1.jpg,Ground,Flying
Landorus_2.jpg,Ground,Flying
Landorus_3.jpg,Ground,Flying
Lanturn_0.jpg,Water,Electric
Lanturn_1.jpg,Water,Electric
Lanturn_2.jpg,Water,Electric
Lapras_0.jpg,Water,Ice
Lapras_1.jpg,Water,Ice
Lapras_2.jpg,Water,Ice
Lapras_3.jpg,Water,Ice
Lapras_4.jpg,Water,Ice
Larvesta_0.jpg,Bug,Fire
Larvesta_1.jpg,Bug,Fire
Larvitar_0.jpg,Rock,Ground
Larvitar_1.jpg,Rock,Ground
Larvitar_2.jpg,Rock,Ground
Latias_0.jpg,Dragon,Psychic
Latias_1.jpg,Dragon,Psychic
Latias_2.jpg,Dragon,Psychic
Latias_3.jpg,Dragon,Psychic
Latias_4.jpg,Dragon,Psychic
Latios_0.jpg,Dragon,Psychic
Latios_1.jpg,Dragon,Psychic
Latios_2.jpg,Dragon,Psychic
Latios_3.jpg,Dragon,Psychic
Latios_4.jpg,Dragon,Psychic
Leafeon_0.jpg,Grass,Normal
Leafeon_1.jpg,Grass,Normal
Leavanny_0.jpg,Bug,Grass
Leavanny_1.jpg,Bug,Grass
Ledian_0.jpg,Bug,Flying
Ledian_1.jpg,Bug,Flying
Ledian_2.jpg,Bug,Flying
Ledyba_0.jpg,Bug,Flying
Ledyba_1.jpg,Bug,Flying
Ledyba_2.jpg,Bug,Flying
Lickilicky_0.jpg,Normal,
Lickilicky_1.jpg,Normal,
Lickitung_0.jpg,Normal,
Lickitung_1.jpg,Normal,
Lickitung_2.jpg,Normal,
Lickitung_3.jpg,Normal,
Liepard_0.jpg,Dark,
Liepard_1.jpg,Dark,
Lileep_0.jpg,Rock,Grass
Lileep_1.jpg,Rock,Grass
Lilligant_0.jpg,Grass,
Lilligant_1.jpg,Grass,
Lillipup_0.jpg,Normal,
Lillipup_1.jpg,Normal,
Linoone_0.jpg,Normal,
Linoone_1.jpg,Normal,
Linoone_2.jpg,Normal,
Litleo_0.jpg,Fire,Normal
Litleo_1.jpg,Fire,Normal
Litten_0.jpg,Fire,
Litten_1.jpg,Fire,
Litten_2.jpg,Fire,
Litten_3.jpg,Fire,
Litwick_0.jpg,Ghost,Fire
Litwick_1.jpg,Ghost,Fire
Lombre_0.jpg,Water,Grass
Lombre_1.jpg,Water,Grass
Lopunny_0.jpg,Normal,
Lopunny_1.jpg,Normal,
Lopunny_2.jpg,Normal,
Lopunny_3.jpg,Normal,
Lotad_0.jpg,Water,Grass
Lotad_1.jpg,Water,Grass
Loudred_0.jpg,Normal,
Loudred_1.jpg,Normal,
Lucario_0.jpg,Fighting,Steel
Lucario_1.jpg,Fighting,Steel
Lucario_2.jpg,Fighting,Steel
Lucario_3.jpg,Fighting,Steel
Ludicolo_0.jpg,Water,Grass
Ludicolo_1.jpg,Water,Grass
Lugia_0.jpg,Psychic,Flying
Lugia_1.jpg,Psychic,Flying
Lugia_2.jpg,Psychic,Flying
Lumineon_0.jpg,Water,
Lumineon_1.jpg,Water,
Lunala_0.jpg,Psychic,Ghost
Lunala_1.jpg,Psychic,Ghost
Lunala_2.jpg,Psychic,Ghost
Lunatone_0.jpg,Rock,Psychic
Lunatone_1.jpg,Rock,Psychic
Lurantis_0.jpg,Grass,
Lurantis_1.jpg,Grass,
Luvdisc_0.jpg,Water,
Luvdisc_1.jpg,Water,
Luxio_0.jpg,Electric,
Luxio_1.jpg,Electric,
Luxray_0.jpg,Electric,
Luxray_1.jpg,Electric,
Lycanroc_0.jpg,Rock,
Lycanroc_1.jpg,Rock,
Lycanroc_2.jpg,Rock,
Lycanroc_3.jpg,Rock,
Lycanroc_4.jpg,Rock,
Lycanroc_5.jpg,Rock,
Machamp_0.jpg,Fighting,
Machamp_1.jpg,Fighting,
Machamp_2.jpg,Fighting,
Machamp_3.jpg,Fighting,
Machamp_4.jpg,Fighting,
Machoke_0.jpg,Fighting,
Machoke_1.jpg,Fighting,
Machoke_2.jpg,Fighting,
Machoke_3.jpg,Fighting,
Machop_0.jpg,Fighting,
Machop_1.jpg,Fighting,
Machop_2.jpg,Fighting,
Machop_3.jpg,Fighting,
Magby_0.jpg,Fire,
Magby_1.jpg,Fire,
Magby_2.jpg,Fire,
Magcargo_0.jpg,Fire,Rock
Magcargo_1.jpg,Fire,Rock
Magcargo_2.jpg,Fire,Rock
Magearna_0.jpg,Steel,Fairy
Magearna_1.jpg,Steel,Fairy
Magikarp_0.jpg,Water,
Magikarp_1.jpg,Water,
Magikarp_2.jpg,Water,
Magikarp_3.jpg,Water,
Magmar_0.jpg,Fire,
Magmar_1.jpg,Fire,
Magmar_2.jpg,Fire,
Magmar_3.jpg,Fire,
Magmortar_0.jpg,Fire,
Magmortar_1.jpg,Fire,
Magnemite_0.jpg,Electric,Steel
Magnemite_1.jpg,Electric,Steel
Magnemite_2.jpg,Electric,Steel
Magnemite_3.jpg,Electric,Steel
Magneton_0.jpg,Electric,Steel
Magneton_1.jpg,Electric,Steel
Magneton_2.jpg,Electric,Steel
Magneton_3.jpg,Electric,Steel
Magnezone_0.jpg,Electric,Steel
Magnezone_1.jpg,Electric,Steel
Makuhita_0.jpg,Fighting,
Makuhita_1.jpg,Fighting,
Malamar_0.jpg,Dark,Psychic
Malamar_1.jpg,Dark,Psychic
Mamoswine_0.jpg,Ice,Ground
Mamoswine_1.jpg,Ice,Ground
Manaphy_0.jpg,Water,
Manaphy_1.jpg,Water,
Mandibuzz_0.jpg,Dark,Flying
Mandibuzz_1.jpg,Dark,Flying
Manectric_0.jpg,Electric,
Manectric_1.jpg,Electric,
Manectric_2.jpg,Electric,
Manectric_3.jpg,Electric,
Mankey_0.jpg,Fighting,
Mankey_1.jpg,Fighting,
Mankey_2.jpg,Fighting,
Mankey_3.jpg,Fighting,
Mantine_0.jpg,Water,Flying
Mantine_1.jpg,Water,Flying
Mantine_2.jpg,Water,Flying
Mantyke_0.jpg,Water,Flying
Mantyke_1.jpg,Water,Flying
Maractus_0.jpg,Grass,
Maractus_1.jpg,Grass,
Mareanie_0.jpg,Poison,Water
Mareanie_1.jpg,Poison,Water
Mareep_0.jpg,Electric,
Mareep_1.jpg,Electric,
Mareep_2.jpg,Electric,
Marill_0.jpg,Water,Fairy
Marill_1.jpg,Water,Fairy
Marill_2.jpg,Water,Fairy
Marowak_0.jpg,Ground,
Marowak_1.jpg,Ground,
Marowak_2.jpg,Ground,
Marowak_3.jpg,Ground,
Marowak_4.jpg,Ground,
Marowak_5.jpg,Ground,
Marshadow_0.jpg,Fighting,Ghost
Marshadow_1.jpg,Fighting,Ghost
Marshadow_2.jpg,Fighting,Ghost
Marshtomp_0.jpg,Water,Ground
Marshtomp_1.jpg,Water,Ground
Masquerain_0.jpg,Bug,Flying
Masquerain_1.jpg,Bug,Flying
Mawile_0.jpg,Steel,Fairy
Mawile_1.jpg,Steel,Fairy
Mawile_2.jpg,Steel,Fairy
Mawile_3.jpg,Steel,Fairy
Medicham_0.jpg,Fighting,Psychic
Medicham_1.jpg,Fighting,Psychic
Medicham_2.jpg,Fighting,Psychic
Medicham_3.jpg,Fighting,Psychic
Meditite_0.jpg,Fighting,Psychic
Meditite_1.jpg,Fighting,Psychic
Meganium_0.jpg,Grass,
Meganium_1.jpg,Grass,
Meganium_2.jpg,Grass,
Melmetal_0.jpg,Steel,
Melmetal_1.jpg,Steel,
Meloetta_0.jpg,Normal,Psychic
Meloetta_1.jpg,Normal,Psychic
Meloetta_2.jpg,Normal,Psychic
Meltan_0.jpg,Steel,
Meowstic_0.jpg,Psychic,
Meowstic_1.jpg,Psychic,
Meowstic_2.jpg,Psychic,
Meowstic_3.jpg,Psychic,
Meowth_0.jpg,Normal,
Meowth_1.jpg,Normal,
Meowth_2.jpg,Normal,
Meowth_3.jpg,Normal,
Meowth_4.jpg,Normal,
Meowth_5.jpg,Normal,
Mesprit_0.jpg,Psychic,
Mesprit_1.jpg,Psychic,
Metagross_0.jpg,Steel,Psychic
Metagross_1.jpg,Steel,Psychic
Metagross_2.jpg,Steel,Psychic
Metagross_3.jpg,Steel,Psychic
Metagross_4.jpg,Steel,Psychic
Metagross_5.jpg,Steel,Psychic
Metang_0.jpg,Steel,Psychic
Metang_1.jpg,Steel,Psychic
Metapod_0.jpg,Bug,
Metapod_1.jpg,Bug,
Metapod_2.jpg,Bug,
Metapod_3.jpg,Bug,
Mew_0.jpg,Psychic,
Mew_1.jpg,Psychic,
Mew_2.jpg,Psychic,
Mew_3.jpg,Psychic,
Mew_4.jpg,Psychic,
Mewtwo_0.jpg,Psychic,
Mewtwo_1.jpg,Psychic,
Mewtwo_2.jpg,Psychic,
Mewtwo_3.jpg,Psychic,
Mewtwo_4.jpg,Psychic,
Mewtwo_5.jpg,Psychic,
Mienfoo_0.jpg,Fighting,
Mienfoo_1.jpg,Fighting,
Mienshao_0.jpg,Fighting,
Mienshao_1.jpg,Fighting,
Mightyena_0.jpg,Dark,
Mightyena_1.jpg,Dark,
Milcery_0.jpg,Fairy,
Milotic_0.jpg,Water,
Milotic_1.jpg,Water,
Miltank_0.jpg,Normal,
Miltank_1.jpg,Normal,
Miltank_2.jpg,Normal,
Mime Jr_0.jpg,Psychic,Fairy
Mime Jr_1.jpg,Psychic,Fairy
Mimikyu_0.jpg,Ghost,Fairy
Mimikyu_1.jpg,Ghost,Fairy
Mimikyu_2.jpg,Ghost,Fairy
Mimikyu_3.jpg,Ghost,Fairy
Minccino_0.jpg,Normal,
Minccino_1.jpg,Normal,
Minior_0.jpg,Rock,Flying
Minior_1.jpg,Rock,Flying
Minior_2.jpg,Rock,Flying
Minior_3.jpg,Rock,Flying
Minior_4.jpg,Rock,Flying
Minior_5.jpg,Rock,Flying
Minun_0.jpg,Electric,
Minun_1.jpg,Electric,
Misdreavus_0.jpg,Ghost,
Misdreavus_1.jpg,Ghost,
Misdreavus_2.jpg,Ghost,
Mismagius_0.jpg,Ghost,
Mismagius_1.jpg,Ghost,
Moltres_0.jpg,Fire,Flying
Moltres_1.jpg,Fire,Flying
Moltres_2.jpg,Fire,Flying
Moltres_3.jpg,Fire,Flying
Moltres_4.jpg,Fire,Flying
Moltres_5.jpg,Fire,Flying
Monferno_0.jpg,Fire,Fighting
Monferno_1.jpg,Fire,Fighting
Morelull_0.jpg,Grass,Fairy
Morelull_1.jpg,Grass,Fairy
Morgrem_0.jpg,Dark,Fairy
Morpeko_0.jpg,Electric,Dark
Morpeko_1.jpg,Electric,Dark
Mothim_0.jpg,Bug,Flying
Mothim_1.jpg,Bug,Flying
Mr. Mime_0.jpg,Psychic,Fairy
Mr. Mime_1.jpg,Psychic,Fairy
Mr. Mime_2.jpg,Psychic,Fairy
Mr. Mime_3.jpg,Psychic,Fairy
Mr. Mime_4.jpg,Psychic,Fairy
Mr. Rime_0.jpg,Ice,Psychic
Mudbray_0.jpg,Ground,
Mudbray_1.jpg,Ground,
Mudkip_0.jpg,Water,
Mudkip_1.jpg,Water,
Mudkip_2.jpg,Water,
Mudkip_3.jpg,Water,
Mudsdale_0.jpg,Ground,
Mudsdale_1.jpg,Ground,
Muk_0.jpg,Poison,
Muk_1.jpg,Poison,
Muk_2.jpg,Poison,
Muk_3.jpg,Poison,
Muk_4.jpg,Poison,
Muk_5.jpg,Poison,
Munchlax_0.jpg,Normal,
Munchlax_1.jpg,Normal,
Munna_0.jpg,Psychic,
Munna_1.jpg,Psychic,
Murkrow_0.jpg,Dark,Flying
Murkrow_1.jpg,Dark,Flying
Murkrow_2.jpg,Dark,Flying
Musharna_0.jpg,Psychic,
Musharna_1.jpg,Psychic,
Naganadel_0.jpg,Poison,Dragon
Naganadel_1.jpg,Poison,Dragon
Natu_0.jpg,Psychic,Flying
Natu_1.jpg,Psychic,Flying
Natu_2.jpg,Psychic,Flying
Necrozma_0.jpg,Psychic,
Necrozma_1.jpg,Psychic,
Necrozma_2.jpg,Psychic,
Necrozma_3.jpg,Psychic,
Necrozma_4.jpg,Psychic,
Necrozma_5.jpg,Psychic,
Necrozma_6.jpg,Psychic,
Nickit_0.jpg,Dark,
Nidoking_0.jpg,Poison,Ground
Nidoking_1.jpg,Poison,Ground
Nidoking_2.jpg,Poison,Ground
Nidoking_3.jpg,Poison,Ground
Nidoqueen_0.jpg,Poison,Ground
Nidoqueen_1.jpg,Poison,Ground
Nidoqueen_2.jpg,Poison,Ground
Nidoqueen_3.jpg,Poison,Ground
NidoranΓÖÇ_0.jpg,Poison,
NidoranΓÖÇ_1.jpg,Poison,
NidoranΓÖÇ_2.jpg,Poison,
NidoranΓÖÇ_3.jpg,Poison,
NidoranΓÖé_0.jpg,Poison,
NidoranΓÖé_1.jpg,Poison,
NidoranΓÖé_2.jpg,Poison,
NidoranΓÖé_3.jpg,Poison,
Nidorina_0.jpg,Poison,
Nidorina_1.jpg,Poison,
Nidorina_2.jpg,Poison,
Nidorina_3.jpg,Poison,
Nidorino_0.jpg,Poison,
Nidorino_1.jpg,Poison,
Nidorino_2.jpg,Poison,
Nidorino_3.jpg,Poison,
Nihilego_0.jpg,Rock,Poison
Nihilego_1.jpg,Rock,Poison
Nincada_0.jpg,Bug,Ground
Nincada_1.jpg,Bug,Ground
Ninetales_0.jpg,Fire,
Ninetales_1.jpg,Fire,
Ninetales_2.jpg,Fire,
Ninetales_3.jpg,Fire,
Ninetales_4.jpg,Fire,
Ninetales_5.jpg,Fire,
Ninjask_0.jpg,Bug,Flying
Ninjask_1.jpg,Bug,Flying
Noctowl_0.jpg,Normal,Flying
Noctowl_1.jpg,Normal,Flying
Noctowl_2.jpg,Normal,Flying
Noibat_0.jpg,Flying,Dragon
Noibat_1.jpg,Flying,Dragon
Noivern_0.jpg,Flying,Dragon
Noivern_1.jpg,Flying,Dragon
Nosepass_0.jpg,Rock,
Nosepass_1.jpg,Rock,
Numel_0.jpg,Fire,Ground
Numel_1.jpg,Fire,Ground
Nuzleaf_0.jpg,Grass,Dark
Nuzleaf_1.jpg,Grass,Dark
Obstagoon_0.jpg,Dark,Normal
Obstagoon_1.jpg,Dark,Normal
Octillery_0.jpg,Water,
Octillery_1.jpg,Water,
Octillery_2.jpg,Water,
Oddish_0.jpg,Grass,Poison
Oddish_1.jpg,Grass,Poison
Oddish_2.jpg,Grass,Poison
Oddish_3.jpg,Grass,Poison
Omanyte_0.jpg,Rock,Water
Omanyte_1.jpg,Rock,Water
Omanyte_2.jpg,Rock,Water
Omanyte_3.jpg,Rock,Water
Omastar_0.jpg,Rock,Water
Omastar_1.jpg,Rock,Water
Omastar_2.jpg,Rock,Water
Omastar_3.jpg,Rock,Water
Onix_0.jpg,Rock,Ground
Onix_1.jpg,Rock,Ground
Onix_2.jpg,Rock,Ground
Onix_3.jpg,Rock,Ground
Oranguru_0.jpg,Normal,Psychic
Oranguru_1.jpg,Normal,Psychic
Orbeetle_0.jpg,Bug,Psychic
Orbeetle_1.jpg,Bug,Psychic
Oricorio_0.jpg,Fire,Flying
Oricorio_1.jpg,Fire,Flying
Oricorio_2.jpg,Fire,Flying
Oricorio_3.jpg,Fire,Flying
Oricorio_4.jpg,Fire,Flying
Oricorio_5.jpg,Fire,Flying
Oshawott_0.jpg,Water,
Oshawott_1.jpg,Water,
Oshawott_2.jpg,Water,
Pachirisu_0.jpg,Electric,
Pachirisu_1.jpg,Electric,
Palkia_0.jpg,Water,Dragon
Palkia_1.jpg,Water,Dragon
Palkia_2.jpg,Water,Dragon
Palkia_3.jpg,Water,Dragon
Palossand_0.jpg,Ghost,Ground
Palossand_1.jpg,Ghost,Ground
Palossand_2.jpg,Ghost,Ground
Palpitoad_0.jpg,Water,Ground
Palpitoad_1.jpg,Water,Ground
Pancham_0.jpg,Fighting,
Pancham_1.jpg,Fighting,
Pangoro_0.jpg,Fighting,Dark
Pangoro_1.jpg,Fighting,Dark
Panpour_0.jpg,Water,
Panpour_1.jpg,Water,
Pansage_0.jpg,Grass,
Pansage_1.jpg,Grass,
Pansear_0.jpg,Fire,
Pansear_1.jpg,Fire,
Paras_0.jpg,Bug,Grass
Paras_1.jpg,Bug,Grass
Paras_2.jpg,Bug,Grass
Paras_3.jpg,Bug,Grass
Parasect_0.jpg,Bug,Grass
Parasect_1.jpg,Bug,Grass
Parasect_2.jpg,Bug,Grass
Parasect_3.jpg,Bug,Grass
Passimian_0.jpg,Fighting,
Passimian_1.jpg,Fighting,
Patrat_0.jpg,Normal,
Patrat_1.jpg,Normal,
Pawniard_0.jpg,Dark,Steel
Pawniard_1.jpg,Dark,Steel
Pelipper_0.jpg,Water,Flying
Pelipper_1.jpg,Water,Flying
Perrserker_0.jpg,Steel,Normal
Persian_0.jpg,Normal,
Persian_1.jpg,Normal,
Persian_2.jpg,Normal,
Persian_3.jpg,Normal,
Persian_4.jpg,Normal,
Persian_5.jpg,Normal,
Petilil_0.jpg,Grass,
Petilil_1.jpg,Grass,
Phanpy_0.jpg,Ground,
Phanpy_1.jpg,Ground,
Phanpy_2.jpg,Ground,
Phantump_0.jpg,Ghost,Grass
Phantump_1.jpg,Ghost,Grass
Pheromosa_0.jpg,Bug,Fighting
Pheromosa_1.jpg,Bug,Fighting
Phione_0.jpg,Water,
Phione_1.jpg,Water,
Pichu_0.jpg,Electric,
Pichu_1.jpg,Electric,
Pichu_2.jpg,Electric,
Pidgeot_0.jpg,Normal,Flying
Pidgeot_1.jpg,Normal,Flying
Pidgeot_2.jpg,Normal,Flying
Pidgeot_3.jpg,Normal,Flying
Pidgeot_4.jpg,Normal,Flying
Pidgeot_5.jpg,Normal,Flying
Pidgeotto_0.jpg,Normal,Flying
Pidgeotto_1.jpg,Normal,Flying
Pidgeotto_2.jpg,Normal,Flying
Pidgeotto_3.jpg,Normal,Flying
Pidgey_0.jpg,Normal,Flying
Pidgey_1.jpg,Normal,Flying
Pidgey_2.jpg,Normal,Flying
Pidgey_3.jpg,Normal,Flying
Pidove_0.jpg,Normal,Flying
Pidove_1.jpg,Normal,Flying
Pignite_0.jpg,Fire,Fighting
Pignite_1.jpg,Fire,Fighting
Pikachu_0.jpg,Electric,
Pikachu_1.jpg,Electric,
Pikachu_2.jpg,Electric,
Pikachu_3.jpg,Electric,
Pikachu_4.jpg,Electric,
Pikachu_5.jpg,Electric,
Pikipek_0.jpg,Normal,Flying
Pikipek_1.jpg,Normal,Flying
Piloswine_0.jpg,Ice,Ground
Piloswine_1.jpg,Ice,Ground
Piloswine_2.jpg,Ice,Ground
Pincurchin_0.jpg,Electric,
Pineco_0.jpg,Bug,
Pineco_1.jpg,Bug,
Pineco_2.jpg,Bug,
Pinsir_0.jpg,Bug,
Pinsir_1.jpg,Bug,
Pinsir_2.jpg,Bug,
Pinsir_3.jpg,Bug,
Pinsir_4.jpg,Bug,
Pinsir_5.jpg,Bug,
Piplup_0.jpg,Water,
Piplup_1.jpg,Water,
Piplup_2.jpg,Water,
Plusle_0.jpg,Electric,
Plusle_1.jpg,Electric,
Poipole_0.jpg,Poison,
Poipole_1.jpg,Poison,
Poipole_2.jpg,Poison,
Politoed_0.jpg,Water,
Politoed_1.jpg,Water,
Politoed_2.jpg,Water,
Poliwag_0.jpg,Water,
Poliwag_1.jpg,Water,
Poliwag_2.jpg,Water,
Poliwag_3.jpg,Water,
Poliwhirl_0.jpg,Water,
Poliwhirl_1.jpg,Water,
Poliwhirl_2.jpg,Water,
Poliwhirl_3.jpg,Water,
Poliwrath_0.jpg,Water,Fighting
Poliwrath_1.jpg,Water,Fighting
Poliwrath_2.jpg,Water,Fighting
Poliwrath_3.jpg,Water,Fighting
Polteageist_0.jpg,Ghost,
Ponyta_0.jpg,Fire,
Ponyta_1.jpg,Fire,
Ponyta_2.jpg,Fire,
Ponyta_3.jpg,Fire,
Ponyta_4.jpg,Fire,
Ponyta_5.jpg,Fire,
Poochyena_0.jpg,Dark,
Poochyena_1.jpg,Dark,
Popplio_0.jpg,Water,
Popplio_1.jpg,Water,
Popplio_2.jpg,Water,
Popplio_3.jpg,Water,
Porygon-Z_0.jpg,Normal,
Porygon-Z_1.jpg,Normal,
Porygon2_0.jpg,Normal,
Porygon2_1.jpg,Normal,
Porygon2_2.jpg,Normal,
Porygon_0.jpg,Normal,
Porygon_1.jpg,Normal,
Porygon_2.jpg,Normal,
Porygon_3.jpg,Normal,
Primarina_0.jpg,Water,Fairy
Primarina_1.jpg,Water,Fairy
Primarina_2.jpg,Water,Fairy
Primeape_0.jpg,Fighting,
Primeape_1.jpg,Fighting,
Primeape_2.jpg,Fighting,
Primeape_3.jpg,Fighting,
Prinplup_0.jpg,Water,
Prinplup_1.jpg,Water,
Probopass_0.jpg,Rock,Steel
Probopass_1.jpg,Rock,Steel
Psyduck_0.jpg,Water,
Psyduck_1.jpg,Water,
Psyduck_2.jpg,Water,
Psyduck_3.jpg,Water,
Pumpkaboo_0.jpg,Ghost,Grass
Pumpkaboo_1.jpg,Ghost,Grass
Pumpkaboo_2.jpg,Ghost,Grass
Pumpkaboo_3.jpg,Ghost,Grass
Pumpkaboo_4.jpg,Ghost,Grass
Pupitar_0.jpg,Rock,Ground
Pupitar_1.jpg,Rock,Ground
Pupitar_2.jpg,Rock,Ground
Purrloin_0.jpg,Dark,
Purrloin_1.jpg,Dark,
Purugly_0.jpg,Normal,
Purugly_1.jpg,Normal,
Pyroar_0.jpg,Fire,Normal
Pyroar_1.jpg,Fire,Normal
Pyroar_2.jpg,Fire,Normal
Pyukumuku_0.jpg,Water,
Pyukumuku_1.jpg,Water,
Quagsire_0.jpg,Water,Ground
Quagsire_1.jpg,Water,Ground
Quagsire_2.jpg,Water,Ground
Quilava_0.jpg,Fire,
Quilava_1.jpg,Fire,
Quilava_2.jpg,Fire,
Quilladin_0.jpg,Grass,
Quilladin_1.jpg,Grass,
Qwilfish_0.jpg,Water,Poison
Qwilfish_1.jpg,Water,Poison
Qwilfish_2.jpg,Water,Poison
Raboot_0.jpg,Fire,
Raichu_0.jpg,Electric,
Raichu_1.jpg,Electric,
Raichu_2.jpg,Electric,
Raichu_3.jpg,Electric,
Raichu_4.jpg,Electric,
Raichu_5.jpg,Electric,
Raikou_0.jpg,Electric,
Raikou_1.jpg,Electric,
Raikou_2.jpg,Electric,
Raikou_3.jpg,Electric,
Ralts_0.jpg,Psychic,Fairy
Ralts_1.jpg,Psychic,Fairy
Rampardos_0.jpg,Rock,
Rampardos_1.jpg,Rock,
Rapidash_0.jpg,Fire,
Rapidash_1.jpg,Fire,
Rapidash_2.jpg,Fire,
Rapidash_3.jpg,Fire,
Rapidash_4.jpg,Fire,
Raticate_0.jpg,Normal,
Raticate_1.jpg,Normal,
Raticate_2.jpg,Normal,
Raticate_3.jpg,Normal,
Raticate_4.jpg,Normal,
Raticate_5.jpg,Normal,
Rattata_0.jpg,Normal,
Rattata_1.jpg,Normal,
Rattata_2.jpg,Normal,
Rattata_3.jpg,Normal,
Rattata_4.jpg,Normal,
Rattata_5.jpg,Normal,
Rayquaza_0.jpg,Dragon,Flying
Rayquaza_1.jpg,Dragon,Flying
Rayquaza_2.jpg,Dragon,Flying
Regice_0.jpg,Ice,
Regice_1.jpg,Ice,
Regidrago_0.jpg,Dragon,
Regieleki_0.jpg,Electric,
Regigigas_0.jpg,Normal,
Regigigas_1.jpg,Normal,
Regigigas_2.jpg,Normal,
Regirock_0.jpg,Rock,
Regirock_1.jpg,Rock,
Registeel_0.jpg,Steel,
Registeel_1.jpg,Steel,
Relicanth_0.jpg,Water,Rock
Relicanth_1.jpg,Water,Rock
Remoraid_0.jpg,Water,
Remoraid_1.jpg,Water,
Remoraid_2.jpg,Water,
Reshiram_0.jpg,Dragon,Fire
Reshiram_1.jpg,Dragon,Fire
Reshiram_2.jpg,Dragon,Fire
Reshiram_3.jpg,Dragon,Fire
Reuniclus_0.jpg,Psychic,
Reuniclus_1.jpg,Psychic,
Rhydon_0.jpg,Ground,Rock
Rhydon_1.jpg,Ground,Rock
Rhydon_2.jpg,Ground,Rock
Rhydon_3.jpg,Ground,Rock
Rhyhorn_0.jpg,Ground,Rock
Rhyhorn_1.jpg,Ground,Rock
Rhyhorn_2.jpg,Ground,Rock
Rhyhorn_3.jpg,Ground,Rock
Rhyperior_0.jpg,Ground,Rock
Rhyperior_1.jpg,Ground,Rock
Ribombee_0.jpg,Bug,Fairy
Ribombee_1.jpg,Bug,Fairy
Rillaboom_0.jpg,Grass,
Rillaboom_1.jpg,Grass,
Rillaboom_2.jpg,Grass,
Riolu_0.jpg,Fighting,
Riolu_1.jpg,Fighting,
Rockruff_0.jpg,Rock,
Rockruff_1.jpg,Rock,
Rockruff_2.jpg,Rock,
Rockruff_3.jpg,Rock,
Roggenrola_0.jpg,Rock,
Roggenrola_1.jpg,Rock,
Rolycoly_0.jpg,Rock,
Rolycoly_1.jpg,Rock,
Rookidee_0.jpg,Flying,
Roselia_0.jpg,Grass,Poison
Roselia_1.jpg,Grass,Poison
Roserade_0.jpg,Grass,Poison
Roserade_1.jpg,Grass,Poison
Rotom_0.jpg,Electric,Ghost
Rotom_1.jpg,Electric,Ghost
Rotom_2.jpg,Electric,Ghost
Rotom_3.jpg,Electric,Ghost
Rotom_4.jpg,Electric,Ghost
Rowlet_0.jpg,Grass,Flying
Rowlet_1.jpg,Grass,Flying
Rowlet_2.jpg,Grass,Flying
Rufflet_0.jpg,Normal,Flying
Rufflet_1.jpg,Normal,Flying
Runerigus_0.jpg,Ground,Ghost
Sableye_0.jpg,Dark,Ghost
Sableye_1.jpg,Dark,Ghost
Sableye_2.jpg,Dark,Ghost
Sableye_3.jpg,Dark,Ghost
Salamence_0.jpg,Dragon,Flying
Salamence_1.jpg,Dragon,Flying
Salamence_2.jpg,Dragon,Flying
Salamence_3.jpg,Dragon,Flying
Salandit_0.jpg,Poison,Fire
Salandit_1.jpg,Poison,Fire
Salazzle_0.jpg,Poison,Fire
Salazzle_1.jpg,Poison,Fire
Samurott_0.jpg,Water,
Samurott_1.jpg,Water,
Sandaconda_0.jpg,Ground,
Sandaconda_1.jpg,Ground,
Sandile_0.jpg,Ground,Dark
Sandile_1.jpg,Ground,Dark
Sandshrew_0.jpg,Ground,
Sandshrew_1.jpg,Ground,
Sandshrew_2.jpg,Ground,
Sandshrew_3.jpg,Ground,
Sandshrew_4.jpg,Ground,
Sandshrew_5.jpg,Ground,
Sandslash_0.jpg,Ground,
Sandslash_1.jpg,Ground,
Sandslash_2.jpg,Ground,
Sandygast_0.jpg,Ghost,Ground
Sandygast_1.jpg,Ghost,Ground
Sawk_0.jpg,Fighting,
Sawk_1.jpg,Fighting,
Sawsbuck_0.jpg,Normal,Grass
Sawsbuck_1.jpg,Normal,Grass
Sawsbuck_2.jpg,Normal,Grass
Sawsbuck_3.jpg,Normal,Grass
Sawsbuck_4.jpg,Normal,Grass
Sawsbuck_5.jpg,Normal,Grass
Scatterbug_0.jpg,Bug,
Scatterbug_1.jpg,Bug,
Sceptile_0.jpg,Grass,
Sceptile_1.jpg,Grass,
Sceptile_2.jpg,Grass,
Scizor_0.jpg,Bug,Steel
Scizor_1.jpg,Bug,Steel
Scizor_2.jpg,Bug,Steel
Scizor_3.jpg,Bug,Steel
Scizor_4.jpg,Bug,Steel
Scolipede_0.jpg,Bug,Poison
Scolipede_1.jpg,Bug,Poison
Scorbunny_0.jpg,Fire,
Scorbunny_1.jpg,Fire,
Scrafty_0.jpg,Dark,Fighting
Scrafty_1.jpg,Dark,Fighting
Scraggy_0.jpg,Dark,Fighting
Scraggy_1.jpg,Dark,Fighting
Scyther_0.jpg,Bug,Flying
Scyther_1.jpg,Bug,Flying
Scyther_2.jpg,Bug,Flying
Scyther_3.jpg,Bug,Flying
Seadra_0.jpg,Water,
Seadra_1.jpg,Water,
Seadra_2.jpg,Water,
Seadra_3.jpg,Water,
Seaking_0.jpg,Water,
Seaking_1.jpg,Water,
Seaking_2.jpg,Water,
Seaking_3.jpg,Water,
Sealeo_0.jpg,Ice,Water
Sealeo_1.jpg,Ice,Water
Seedot_0.jpg,Grass,
Seedot_1.jpg,Grass,
Seel_0.jpg,Water,
Seel_1.jpg,Water,
Seel_2.jpg,Water,
Seel_3.jpg,Water,
Seismitoad_0.jpg,Water,Ground
Seismitoad_1.jpg,Water,Ground
Sentret_0.jpg,Normal,
Sentret_1.jpg,Normal,
Sentret_2.jpg,Normal,
Serperior_0.jpg,Grass,
Serperior_1.jpg,Grass,
Servine_0.jpg,Grass,
Servine_1.jpg,Grass,
Seviper_0.jpg,Poison,
Seviper_1.jpg,Poison,
Sewaddle_0.jpg,Bug,Grass
Sewaddle_1.jpg,Bug,Grass
Sharpedo_0.jpg,Water,Dark
Sharpedo_1.jpg,Water,Dark
Sharpedo_2.jpg,Water,Dark
Sharpedo_3.jpg,Water,Dark
Shaymin_0.jpg,Grass,
Shaymin_1.jpg,Grass,
Shaymin_2.jpg,Grass,
Shaymin_3.jpg,Grass,
Shedinja_0.jpg,Bug,Ghost
Shedinja_1.jpg,Bug,Ghost
Shelgon_0.jpg,Dragon,
Shelgon_1.jpg,Dragon,
Shellder_0.jpg,Water,
Shellder_1.jpg,Water,
Shellder_2.jpg,Water,
Shellder_3.jpg,Water,
Shellos_0.jpg,Water,
Shellos_1.jpg,Water,
Shellos_2.jpg,Water,
Shellos_3.jpg,Water,
Shelmet_0.jpg,Bug,
Shelmet_1.jpg,Bug,
Shieldon_0.jpg,Rock,Steel
Shieldon_1.jpg,Rock,Steel
Shiftry_0.jpg,Grass,Dark
Shiftry_1.jpg,Grass,Dark
Shiinotic_0.jpg,Grass,Fairy
Shiinotic_1.jpg,Grass,Fairy
Shinx_0.jpg,Electric,
Shinx_1.jpg,Electric,
Shroomish_0.jpg,Grass,
Shroomish_1.jpg,Grass,
Shuckle_0.jpg,Bug,Rock
Shuckle_1.jpg,Bug,Rock
Shuckle_2.jpg,Bug,Rock
Shuppet_0.jpg,Ghost,
Shuppet_1.jpg,Ghost,
Sigilyph_0.jpg,Psychic,Flying
Sigilyph_1.jpg,Psychic,Flying
Silcoon_0.jpg,Bug,
Silcoon_1.jpg,Bug,
Silicobra_0.jpg,Ground,
Silvally_0.jpg,Normal,
Silvally_1.jpg,Normal,
Silvally_2.jpg,Normal,
Silvally_3.jpg,Normal,
Silvally_4.jpg,Normal,
Silvally_5.jpg,Normal,
Simipour_0.jpg,Water,
Simipour_1.jpg,Water,
Simisage_0.jpg,Grass,
Simisage_1.jpg,Grass,
Simisear_0.jpg,Fire,
Simisear_1.jpg,Fire,
Sinistea_0.jpg,Ghost,
Sirfetch'd_0.jpg,Fighting,
Sirfetch'd_1.jpg,Fighting,
Sizzlipede_0.jpg,Fire,Bug
Skarmory_0.jpg,Steel,Flying
Skarmory_1.jpg,Steel,Flying
Skarmory_2.jpg,Steel,Flying
Skiddo_0.jpg,Grass,
Skiddo_1.jpg,Grass,
Skiploom_0.jpg,Grass,Flying
Skiploom_1.jpg,Grass,Flying
Skiploom_2.jpg,Grass,Flying
Skitty_0.jpg,Normal,
Skitty_1.jpg,Normal,
Skorupi_0.jpg,Poison,Bug
Skorupi_1.jpg,Poison,Bug
Skrelp_0.jpg,Poison,Water
Skrelp_1.jpg,Poison,Water
Skuntank_0.jpg,Poison,Dark
Skuntank_1.jpg,Poison,Dark
Skwovet_0.jpg,Normal,
Slaking_0.jpg,Normal,
Slaking_1.jpg,Normal,
Slakoth_0.jpg,Normal,
Slakoth_1.jpg,Normal,
Sliggoo_0.jpg,Dragon,
Sliggoo_1.jpg,Dragon,
Slowbro_0.jpg,Water,Psychic
Slowbro_1.jpg,Water,Psychic
Slowbro_2.jpg,Water,Psychic
Slowbro_3.jpg,Water,Psychic
Slowbro_4.jpg,Water,Psychic
Slowking_0.jpg,Water,Psychic
Slowking_1.jpg,Water,Psychic
Slowking_2.jpg,Water,Psychic
Slowpoke_0.jpg,Water,Psychic
Slowpoke_1.jpg,Water,Psychic
Slowpoke_2.jpg,Water,Psychic
Slowpoke_3.jpg,Water,Psychic
Slowpoke_4.jpg,Water,Psychic
Slugma_0.jpg,Fire,
Slugma_1.jpg,Fire,
Slugma_2.jpg,Fire,
Slurpuff_0.jpg,Fairy,
Slurpuff_1.jpg,Fairy,
Smeargle_0.jpg,Normal,
Smeargle_1.jpg,Normal,
Smeargle_2.jpg,Normal,
Smoochum_0.jpg,Ice,Psychic
Smoochum_1.jpg,Ice,Psychic
Smoochum_2.jpg,Ice,Psychic
Sneasel_0.jpg,Dark,Ice
Sneasel_1.jpg,Dark,Ice
Sneasel_2.jpg,Dark,Ice
Snivy_0.jpg,Grass,
Snivy_1.jpg,Grass,
Snivy_2.jpg,Grass,
Snom_0.jpg,Ice,Bug
Snorlax_0.jpg,Normal,
Snorlax_1.jpg,Normal,
Snorlax_2.jpg,Normal,
Snorlax_3.jpg,Normal,
Snorlax_4.jpg,Normal,
Snorunt_0.jpg,Ice,
Snorunt_1.jpg,Ice,
Snover_0.jpg,Grass,Ice
Snover_1.jpg,Grass,Ice
Snubbull_0.jpg,Fairy,
Snubbull_1.jpg,Fairy,
Snubbull_2.jpg,Fairy,
Sobble_0.jpg,Water,
Sobble_1.jpg,Water,
Solgaleo_0.jpg,Psychic,Steel
Solgaleo_1.jpg,Psychic,Steel
Solgaleo_2.jpg,Psychic,Steel
Solosis_0.jpg,Psychic,
Solosis_1.jpg,Psychic,
Solrock_0.jpg,Rock,Psychic
Solrock_1.jpg,Rock,Psychic
Spearow_0.jpg,Normal,Flying
Spearow_1.jpg,Normal,Flying
Spearow_2.jpg,Normal,Flying
Spearow_3.jpg,Normal,Flying
Spectrier_0.jpg,Ghost,
Spewpa_0.jpg,Bug,
Spewpa_1.jpg,Bug,
Spheal_0.jpg,Ice,Water
Spheal_1.jpg,Ice,Water
Spinarak_0.jpg,Bug,Poison
Spinarak_1.jpg,Bug,Poison
Spinarak_2.jpg,Bug,Poison
Spinda_0.jpg,Normal,
Spinda_1.jpg,Normal,
Spiritomb_0.jpg,Ghost,Dark
Spiritomb_1.jpg,Ghost,Dark
Spoink_0.jpg,Psychic,
Spoink_1.jpg,Psychic,
Spritzee_0.jpg,Fairy,
Spritzee_1.jpg,Fairy,
Squirtle_0.jpg,Water,
Squirtle_1.jpg,Water,
Squirtle_2.jpg,Water,
Stakataka_0.jpg,Rock,Steel
Stakataka_1.jpg,Rock,Steel
Stantler_0.jpg,Normal,
Stantler_1.jpg,Normal,
Stantler_2.jpg,Normal,
Staraptor_0.jpg,Normal,Flying
Staraptor_1.jpg,Normal,Flying
Staravia_0.jpg,Normal,Flying
Staravia_1.jpg,Normal,Flying
Starly_0.jpg,Normal,Flying
Starly_1.jpg,Normal,Flying
Starmie_0.jpg,Water,Psychic
Starmie_1.jpg,Water,Psychic
Starmie_2.jpg,Water,Psychic
Starmie_3.jpg,Water,Psychic
Staryu_0.jpg,Water,
Staryu_1.jpg,Water,
Staryu_2.jpg,Water,
Staryu_3.jpg,Water,
Steelix_0.jpg,Steel,Ground
Steelix_1.jpg,Steel,Ground
Steelix_2.jpg,Steel,Ground
Steelix_3.jpg,Steel,Ground
Steelix_4.jpg,Steel,Ground
Steenee_0.jpg,Grass,
Steenee_1.jpg,Grass,
Stonjourner_0.jpg,Rock,
Stoutland_0.jpg,Normal,
Stoutland_1.jpg,Normal,
Stufful_0.jpg,Normal,Fighting
Stufful_1.jpg,Normal,Fighting
Stufful_2.jpg,Normal,Fighting
Stunfisk_0.jpg,Ground,Electric
Stunfisk_1.jpg,Ground,Electric
Stunfisk_2.jpg,Ground,Electric
Stunky_0.jpg,Poison,Dark
Stunky_1.jpg,Poison,Dark
Sudowoodo_0.jpg,Rock,
Sudowoodo_1.jpg,Rock,
Sudowoodo_2.jpg,Rock,
Suicune_0.jpg,Water,
Suicune_1.jpg,Water,
Suicune_2.jpg,Water,
Sunflora_0.jpg,Grass,
Sunflora_1.jpg,Grass,
Sunflora_2.jpg,Grass,
Sunkern_0.jpg,Grass,
Sunkern_1.jpg,Grass,
Sunkern_2.jpg,Grass,
Surskit_0.jpg,Bug,Water
Surskit_1.jpg,Bug,Water
Swablu_0.jpg,Normal,Flying
Swablu_1.jpg,Normal,Flying
Swadloon_0.jpg,Bug,Grass
Swadloon_1.jpg,Bug,Grass
Swalot_0.jpg,Poison,
Swalot_1.jpg,Poison,
Swampert_0.jpg,Water,Ground
Swampert_1.jpg,Water,Ground
Swampert_2.jpg,Water,Ground
Swampert_3.jpg,Water,Ground
Swanna_0.jpg,Water,Flying
Swanna_1.jpg,Water,Flying
Swellow_0.jpg,Normal,Flying
Swellow_1.jpg,Normal,Flying
Swinub_0.jpg,Ice,Ground
Swinub_1.jpg,Ice,Ground
Swinub_2.jpg,Ice,Ground
Swirlix_0.jpg,Fairy,
Swirlix_1.jpg,Fairy,
Swirlix_2.jpg,Fairy,
Swoobat_0.jpg,Psychic,Flying
Swoobat_1.jpg,Psychic,Flying
Sylveon_0.jpg,Fairy,Normal
Sylveon_1.jpg,Fairy,Normal
Sylveon_2.jpg,Fairy,Normal
Taillow_0.jpg,Normal,Flying
Taillow_1.jpg,Normal,Flying
Talonflame_0.jpg,Fire,Flying
Talonflame_1.jpg,Fire,Flying
Tangela_0.jpg,Grass,
Tangela_1.jpg,Grass,
Tangela_2.jpg,Grass,
Tangela_3.jpg,Grass,
Tangrowth_0.jpg,Grass,
Tangrowth_1.jpg,Grass,
Tapu Bulu_0.jpg,Grass,Fairy
Tapu Bulu_1.jpg,Grass,Fairy
Tapu Fini_0.jpg,Water,Fairy
Tapu Fini_1.jpg,Water,Fairy
Tapu Koko_0.jpg,Electric,Fairy
Tapu Koko_1.jpg,Electric,Fairy
Tapu Lele_0.jpg,Psychic,Fairy
Tapu Lele_1.jpg,Psychic,Fairy
Tauros_0.jpg,Normal,
Tauros_1.jpg,Normal,
Tauros_2.jpg,Normal,
Tauros_3.jpg,Normal,
Teddiursa_0.jpg,Normal,
Teddiursa_1.jpg,Normal,
Teddiursa_2.jpg,Normal,
Tentacool_0.jpg,Water,Poison
Tentacool_1.jpg,Water,Poison
Tentacool_2.jpg,Water,Poison
Tentacool_3.jpg,Water,Poison
Tentacruel_0.jpg,Water,Poison
Tentacruel_1.jpg,Water,Poison
Tentacruel_2.jpg,Water,Poison
Tentacruel_3.jpg,Water,Poison
Tepig_0.jpg,Fire,
Tepig_1.jpg,Fire,
Tepig_2.jpg,Fire,
Terrakion_0.jpg,Rock,Fighting
Terrakion_1.jpg,Rock,Fighting
Thievul_0.jpg,Dark,
Throh_0.jpg,Fighting,
Throh_1.jpg,Fighting,
Thundurus_0.jpg,Electric,Flying
Thundurus_1.jpg,Electric,Flying
Thundurus_2.jpg,Electric,Flying
Thundurus_3.jpg,Electric,Flying
Thundurus_4.jpg,Electric,Flying
Thwackey_0.jpg,Grass,
Timburr_0.jpg,Fighting,
Timburr_1.jpg,Fighting,
Tirtouga_0.jpg,Water,Rock
Tirtouga_1.jpg,Water,Rock
Togedemaru_0.jpg,Electric,Steel
Togedemaru_1.jpg,Electric,Steel
Togekiss_0.jpg,Fairy,Flying
Togekiss_1.jpg,Fairy,Flying
Togepi_0.jpg,Fairy,
Togepi_1.jpg,Fairy,
Togepi_2.jpg,Fairy,
Togetic_0.jpg,Fairy,Flying
Togetic_1.jpg,Fairy,Flying
Togetic_2.jpg,Fairy,Flying
Torchic_0.jpg,Fire,
Torchic_1.jpg,Fire,
Torchic_2.jpg,Fire,
Torchic_3.jpg,Fire,
Torkoal_0.jpg,Fire,
Torkoal_1.jpg,Fire,
Tornadus_0.jpg,Flying,
Tornadus_1.jpg,Flying,
Tornadus_2.jpg,Flying,
Tornadus_3.jpg,Flying,
Tornadus_4.jpg,Flying,
Torracat_0.jpg,Fire,
Torracat_1.jpg,Fire,
Torracat_2.jpg,Fire,
Torterra_0.jpg,Grass,Ground
Torterra_1.jpg,Grass,Ground
Totodile_0.jpg,Water,
Totodile_1.jpg,Water,
Totodile_2.jpg,Water,
Toucannon_0.jpg,Normal,Flying
Toucannon_1.jpg,Normal,Flying
Toxapex_0.jpg,Poison,Water
Toxapex_1.jpg,Poison,Water
Toxel_0.jpg,Electric,Poison
Toxicroak_0.jpg,Poison,Fighting
Toxicroak_1.jpg,Poison,Fighting
Toxtricity_0.jpg,Electric,Poison
Toxtricity_1.jpg,Electric,Poison
Toxtricity_2.jpg,Electric,Poison
Toxtricity_3.jpg,Electric,Poison
Tranquill_0.jpg,Normal,Flying
Tranquill_1.jpg,Normal,Flying
Trapinch_0.jpg,Ground,
Trapinch_1.jpg,Ground,
Treecko_0.jpg,Grass,
Treecko_1.jpg,Grass,
Treecko_2.jpg,Grass,
Treecko_3.jpg,Grass,
Trevenant_0.jpg,Ghost,Grass
Trevenant_1.jpg,Ghost,Grass
Tropius_0.jpg,Grass,Flying
Tropius_1.jpg,Grass,Flying
Trubbish_0.jpg,Poison,
Trubbish_1.jpg,Poison,
Trumbeak_0.jpg,Normal,Flying
Trumbeak_1.jpg,Normal,Flying
Tsareena_0.jpg,Grass,
Tsareena_1.jpg,Grass,
Turtonator_0.jpg,Fire,Dragon
Turtonator_1.jpg,Fire,Dragon
Turtwig_0.jpg,Grass,
Turtwig_1.jpg,Grass,
Turtwig_2.jpg,Grass,
Tympole_0.jpg,Water,
Tympole_1.jpg,Water,
Tynamo_0.jpg,Electric,
Tynamo_1.jpg,Electric,
Type Null_0.jpg,Normal,
Type Null_1.jpg,Normal,
Typhlosion_0.jpg,Fire,
Typhlosion_1.jpg,Fire,
Typhlosion_2.jpg,Fire,
Tyranitar_0.jpg,Rock,Dark
Tyranitar_1.jpg,Rock,Dark
Tyranitar_2.jpg,Rock,Dark
Tyranitar_3.jpg,Rock,Dark
Tyranitar_4.jpg,Rock,Dark
Tyrantrum_0.jpg,Rock,Dragon
Tyrantrum_1.jpg,Rock,Dragon
Tyrogue_0.jpg,Fighting,
Tyrogue_1.jpg,Fighting,
Tyrogue_2.jpg,Fighting,
Tyrunt_0.jpg,Rock,Dragon
Tyrunt_1.jpg,Rock,Dragon
Umbreon_0.jpg,Dark,Normal
Umbreon_1.jpg,Dark,Normal
Umbreon_2.jpg,Dark,Normal
Unfezant_0.jpg,Normal,Flying
Unfezant_1.jpg,Normal,Flying
Unfezant_2.jpg,Normal,Flying
Unown_0.jpg,Psychic,
Unown_1.jpg,Psychic,
Unown_2.jpg,Psychic,
Unown_3.jpg,Psychic,
Unown_4.jpg,Psychic,
Unown_5.jpg,Psychic,
Ursaring_0.jpg,Normal,
Ursaring_1.jpg,Normal,
Ursaring_2.jpg,Normal,
Urshifu_0.jpg,Fighting,Dark
Urshifu_1.jpg,Fighting,Dark
Urshifu_2.jpg,Fighting,Dark
Urshifu_3.jpg,Fighting,Dark
Uxie_0.jpg,Psychic,
Uxie_1.jpg,Psychic,
Vanillish_0.jpg,Ice,
Vanillish_1.jpg,Ice,
Vanillite_0.jpg,Ice,
Vanillite_1.jpg,Ice,
Vanilluxe_0.jpg,Ice,
Vanilluxe_1.jpg,Ice,
Vaporeon_0.jpg,Water,Normal
Vaporeon_1.jpg,Water,Normal
Vaporeon_2.jpg,Water,Normal
Vaporeon_3.jpg,Water,Normal
Venipede_0.jpg,Bug,Poison
Venipede_1.jpg,Bug,Poison
Venomoth_0.jpg,Bug,Poison
Venomoth_1.jpg,Bug,Poison
Venomoth_2.jpg,Bug,Poison
Venomoth_3.jpg,Bug,Poison
Venonat_0.jpg,Bug,Poison
Venonat_1.jpg,Bug,Poison
Venonat_2.jpg,Bug,Poison
Venonat_3.jpg,Bug,Poison
Venusaur_0.jpg,Grass,Poison
Venusaur_1.jpg,Grass,Poison
Venusaur_2.jpg,Grass,Poison
Venusaur_3.jpg,Grass,Poison
Venusaur_4.jpg,Grass,Poison
Venusaur_5.jpg,Grass,Poison
Venusaur_6.jpg,Grass,Poison
Venusaur_7.jpg,Grass,Poison
Vespiquen_0.jpg,Bug,Flying
Vespiquen_1.jpg,Bug,Flying
Vibrava_0.jpg,Ground,Dragon
Vibrava_1.jpg,Ground,Dragon
Victini_0.jpg,Psychic,Fire
Victini_1.jpg,Psychic,Fire
Victreebel_0.jpg,Grass,Poison
Victreebel_1.jpg,Grass,Poison
Victreebel_2.jpg,Grass,Poison
Victreebel_3.jpg,Grass,Poison
Vigoroth_0.jpg,Normal,
Vigoroth_1.jpg,Normal,
Vikavolt_0.jpg,Bug,Electric
Vikavolt_1.jpg,Bug,Electric
Vileplume_0.jpg,Grass,Poison
Vileplume_1.jpg,Grass,Poison
Vileplume_2.jpg,Grass,Poison
Vileplume_3.jpg,Grass,Poison
Virizion_0.jpg,Grass,Fighting
Virizion_1.jpg,Grass,Fighting
Vivillon_0.jpg,Bug,Flying
Vivillon_1.jpg,Bug,Flying
Vivillon_2.jpg,Bug,Flying
Vivillon_3.jpg,Bug,Flying
Vivillon_4.jpg,Bug,Flying
Vivillon_5.jpg,Bug,Flying
Volbeat_0.jpg,Bug,
Volbeat_1.jpg,Bug,
Volcanion_0.jpg,Fire,Water
Volcanion_1.jpg,Fire,Water
Volcarona_0.jpg,Bug,Fire
Volcarona_1.jpg,Bug,Fire
Voltorb_0.jpg,Electric,
Voltorb_1.jpg,Electric,
Voltorb_2.jpg,Electric,
Voltorb_3.jpg,Electric,
Vullaby_0.jpg,Dark,Flying
Vullaby_1.jpg,Dark,Flying
Vulpix_0.jpg,Fire,
Vulpix_1.jpg,Fire,
Vulpix_2.jpg,Fire,
Wailmer_0.jpg,Water,
Wailmer_1.jpg,Water,
Wailord_0.jpg,Water,
Wailord_1.jpg,Water,
Walrein_0.jpg,Ice,Water
Walrein_1.jpg,Ice,Water
Wartortle_0.jpg,Water,
Wartortle_1.jpg,Water,
Wartortle_2.jpg,Water,
Wartortle_3.jpg,Water,
Watchog_0.jpg,Normal,
Watchog_1.jpg,Normal,
Weavile_0.jpg,Dark,Ice
Weavile_1.jpg,Dark,Ice
Weedle_0.jpg,Bug,Poison
Weedle_1.jpg,Bug,Poison
Weedle_2.jpg,Bug,Poison
Weedle_3.jpg,Bug,Poison
Weepinbell_0.jpg,Grass,Poison
Weepinbell_1.jpg,Grass,Poison
Weepinbell_2.jpg,Grass,Poison
Weepinbell_3.jpg,Grass,Poison
Weezing_0.jpg,Poison,
Weezing_1.jpg,Poison,
Weezing_2.jpg,Poison,
Weezing_3.jpg,Poison,
Weezing_4.jpg,Poison,
Whimsicott_0.jpg,Grass,Fairy
Whimsicott_1.jpg,Grass,Fairy
Whirlipede_0.jpg,Bug,Poison
Whirlipede_1.jpg,Bug,Poison
Whiscash_0.jpg,Water,Ground
Whiscash_1.jpg,Water,Ground
Whismur_0.jpg,Normal,
Whismur_1.jpg,Normal,
Wigglytuff_0.jpg,Normal,Fairy
Wigglytuff_1.jpg,Normal,Fairy
Wigglytuff_2.jpg,Normal,Fairy
Wigglytuff_3.jpg,Normal,Fairy
Wimpod_0.jpg,Bug,Water
Wimpod_1.jpg,Bug,Water
Wingull_0.jpg,Water,Flying
Wingull_1.jpg,Water,Flying
Wishiwashi_0.jpg,Water,
Wishiwashi_1.jpg,Water,
Wishiwashi_2.jpg,Water,
Wishiwashi_3.jpg,Water,
Wobbuffet_0.jpg,Psychic,
Wobbuffet_1.jpg,Psychic,
Wobbuffet_2.jpg,Psychic,
Woobat_0.jpg,Psychic,Flying
Woobat_1.jpg,Psychic,Flying
Wooloo_0.jpg,Normal,
Wooloo_1.jpg,Normal,
Wooper_0.jpg,Water,Ground
Wooper_1.jpg,Water,Ground
Wooper_2.jpg,Water,Ground
Wormadam_0.jpg,Bug,Grass
Wormadam_1.jpg,Bug,Grass
Wormadam_2.jpg,Bug,Grass
Wormadam_3.jpg,Bug,Grass
Wormadam_4.jpg,Bug,Grass
Wormadam_5.jpg,Bug,Grass
Wurmple_0.jpg,Bug,
Wurmple_1.jpg,Bug,
Wynaut_0.jpg,Psychic,
Wynaut_1.jpg,Psychic,
Xatu_0.jpg,Psychic,Flying
Xatu_1.jpg,Psychic,Flying
Xatu_2.jpg,Psychic,Flying
Xerneas_0.jpg,Fairy,
Xerneas_1.jpg,Fairy,
Xerneas_2.jpg,Fairy,
Xerneas_3.jpg,Fairy,
Xerneas_4.jpg,Fairy,
Xurkitree_0.jpg,Electric,
Xurkitree_1.jpg,Electric,
Yamask_0.jpg,Ghost,
Yamask_1.jpg,Ghost,
Yamask_2.jpg,Ghost,
Yamper_0.jpg,Electric,
Yamper_1.jpg,Electric,
Yanma_0.jpg,Bug,Flying
Yanma_1.jpg,Bug,Flying
Yanma_2.jpg,Bug,Flying
Yanmega_0.jpg,Bug,Flying
Yanmega_1.jpg,Bug,Flying
Yungoos_0.jpg,Normal,
Yungoos_1.jpg,Normal,
Yveltal_0.jpg,Dark,Flying
Yveltal_1.jpg,Dark,Flying
Yveltal_2.jpg,Dark,Flying
Yveltal_3.jpg,Dark,Flying
Yveltal_4.jpg,Dark,Flying
Zacian_0.jpg,Fairy,
Zacian_1.jpg,Fairy,
Zacian_2.jpg,Fairy,
Zamazenta_0.jpg,Fighting,
Zamazenta_1.jpg,Fighting,
Zamazenta_2.jpg,Fighting,
Zangoose_0.jpg,Normal,
Zangoose_1.jpg,Normal,
Zapdos_0.jpg,Electric,Flying
Zapdos_1.jpg,Electric,Flying
Zapdos_2.jpg,Electric,Flying
Zapdos_3.jpg,Electric,Flying
Zapdos_4.jpg,Electric,Flying
Zapdos_5.jpg,Electric,Flying
Zarude_0.jpg,Dark,Grass
Zarude_1.jpg,Dark,Grass
Zebstrika_0.jpg,Electric,
Zebstrika_1.jpg,Electric,
Zekrom_0.jpg,Dragon,Electric
Zekrom_1.jpg,Dragon,Electric
Zekrom_2.jpg,Dragon,Electric
Zekrom_3.jpg,Dragon,Electric
Zeraora_0.jpg,Electric,
Zeraora_1.jpg,Electric,
Zeraora_2.jpg,Electric,
Zigzagoon_0.jpg,Normal,
Zigzagoon_1.jpg,Normal,
Zigzagoon_2.jpg,Normal,
Zoroark_0.jpg,Dark,
Zoroark_1.jpg,Dark,
Zorua_0.jpg,Dark,
Zorua_1.jpg,Dark,
Zubat_0.jpg,Poison,Flying
Zubat_1.jpg,Poison,Flying
Zubat_2.jpg,Poison,Flying
Zubat_3.jpg,Poison,Flying
Zweilous_0.jpg,Dark,Dragon
Zweilous_1.jpg,Dark,Dragon
Zygarde_0.jpg,Dragon,Ground
Zygarde_1.jpg,Dragon,Ground
Zygarde_2.jpg,Dragon,Ground
Zygarde_3.jpg,Dragon,Ground
Zygarde_4.jpg,Dragon,Ground
Zygarde_5.jpg,Dragon,Ground
